[02:55:06] START model=deepseek base=http://spark-head.internal.littlecedar.net:4000
[02:55:06] reason: gpqa (full)

=== gpqa | deepseek | thinking=off | 198 items (0 cached) ===
  [PASS] Two quantum states with energies E got='D'                        gold='\\boxed{D}' (letter)
  [PASS] trans-cinnamaldehyde was treated w got='D'                        gold='\\boxed{D}' (letter)
  [PASS] A spin-half particle is in a linea got='B'                        gold='\\boxed{B}' (letter)
  [FAIL] In a parallel universe where a mag got='C'                        gold='\\boxed{B}' (letter)
  [PASS] Calculate the eigenvector of a qua got='C'                        gold='\\boxed{C}' (letter)
  [PASS] A quantum mechanical particle of m got='B'                        gold='\\boxed{B}' (letter)
  [PASS] The universe is filled with the Co got='D'                        gold='\\boxed{D}' (letter)
  [PASS] You perform a high-throughput expe got='B'                        gold='\\boxed{B}' (letter)
  [FAIL] which of the following molecules h got='D'                        gold='\\boxed{B}' (letter)
  [PASS] Among the following exoplanets, wh got='C'                        gold='\\boxed{C}' (letter)
  [FAIL] All the following statements about got='B'                        gold='\\boxed{D}' (letter)
  [PASS] Find KE of product particles in,
P got='C'                        gold='\\boxed{C}' (letter)
  [FAIL] A methanol solution of (R)-(+)-Lim got='A'                        gold='\\boxed{B}' (letter)
  [PASS] ChIP-seq on a PFA-fixed sample wit got='D'                        gold='\\boxed{D}' (letter)
  [PASS] Researchers are attempting to dete got='C'                        gold='\\boxed{C}' (letter)
  [PASS] How many of the following compound got='B'                        gold='\\boxed{B}' (letter)
  [PASS] What is the concentration of calci got='D'                        gold='\\boxed{D}' (letter)
  [FAIL] Two stars (Star_1 and Star_2) each got='A'                        gold='\\boxed{D}' (letter)
  [PASS] The Michael reaction is a chemical got='D'                        gold='\\boxed{D}' (letter)
  [PASS] A common approximation made in man got='D'                        gold='\\boxed{D}' (letter)
  [PASS] Compounds that have the same molec got='B'                        gold='\\boxed{B}' (letter)
  [PASS] A student regrets that he fell asl got='C'                        gold='\\boxed{C}' (letter)
  [PASS] In an experiment, a researcher rea got='D'                        gold='\\boxed{D}' (letter)
  [PASS] If an equimolar mixture X of two l got='C'                        gold='\\boxed{C}' (letter)
  [FAIL] Name reactions in chemistry refer  got='D'                        gold='\\boxed{B}' (letter)
  [PASS] Dienes are organic compounds with  got='A'                        gold='\\boxed{A}' (letter)
  [PASS] "Oh, I know you," the ribonucleopr got='B'                        gold='\\boxed{B}' (letter)
  [PASS] S)-4-hydroxycyclohex-2-en-1-one is got='C'                        gold='\\boxed{C}' (letter)
  [PASS] You have an interesting drought-re got='D'                        gold='\\boxed{D}' (letter)
  [PASS] A textile dye containing an extens got='D'                        gold='\\boxed{D}' (letter)
  [FAIL] toluene is treated with nitric aci got='A'                        gold='\\boxed{B}' (letter)
  [PASS] What is the energy of the Relativi got='D'                        gold='\\boxed{D}' (letter)
  [FAIL] Identify the EXO product of the fo got='D'                        gold='\\boxed{B}' (letter)
  [FAIL] "1,2-Rearrangement reaction in whi got='A'                        gold='\\boxed{D}' (letter)
  [PASS] Consider the Y-component of the in got='C'                        gold='\\boxed{C}' (letter)
  [PASS] Observations of structures located got='A'                        gold='\\boxed{A}' (letter)
  [PASS] Identify the number of 13C-NMR sig got='C'                        gold='\\boxed{C}' (letter)
  [PASS] Enamine reactions include nucleoph got='B'                        gold='\\boxed{B}' (letter)
  [PASS] We have a large ensemble of 10.000 got='D'                        gold='\\boxed{D}' (letter)
  [PASS] Your overhear two chemists talking got='C'                        gold='\\boxed{C}' (letter)
  [PASS] A light beam is propagating throug got='A'                        gold='\\boxed{A}' (letter)
  [PASS] Astronomers are studying a system  got='B'                        gold='\\boxed{B}' (letter)
  [PASS] A benzene ring has a carboxylic ac got='D'                        gold='\\boxed{D}' (letter)
  [PASS] A eukaryotic cell evolved a mechan got='A'                        gold='\\boxed{A}' (letter)
  [PASS] Four identical spin-1/2 particles  got='B'                        gold='\\boxed{B}' (letter)
  [FAIL] Racemic 3-methylpent-1-ene is trea got='B'                        gold='\\boxed{D}' (letter)
  [PASS] Identify the compound C9H11NO2 usi got='A'                        gold='\\boxed{A}' (letter)
  [FAIL] cyclohexanone was treated with bro got='B'                        gold='\\boxed{C}' (letter)
  [FAIL] Sigmatropic rearrangement is a cla got='D'                        gold='\\boxed{A}' (letter)
  [PASS] Your colleague has devised a new q got='D'                        gold='\\boxed{D}' (letter)
  [PASS] If a charge q is placed d distance got='D'                        gold='\\boxed{D}' (letter)
  [PASS] Astronomers are studying a star wi got='B'                        gold='\\boxed{B}' (letter)
  [PASS] You have prepared a di-substituted got='A'                        gold='\\boxed{A}' (letter)
  [FAIL] Determine the starting material ne got='None'                     gold='\\boxed{B}' (letter)
  [PASS] You have prepared an unknown organ got='C'                        gold='\\boxed{C}' (letter)
  [PASS] The |3,0,0\rangle state in the sta got='D'                        gold='\\boxed{D}' (letter)
  [FAIL] Given the measured phase shifts $\ got='B'                        gold='\\boxed{A}' (letter)
  [PASS] Which of the following physical th got='C'                        gold='\\boxed{C}' (letter)
  [PASS] Determine the pH of the solution o got='C'                        gold='\\boxed{C}' (letter)
  [PASS] An intelligent civilization in the got='C'                        gold='\\boxed{C}' (letter)
  [PASS] benzene is treated with HNO3 and H got='D'                        gold='\\boxed{D}' (letter)
  [PASS] Identify the correct sequence of r got='C'                        gold='\\boxed{C}' (letter)
  [PASS] Let there be a diatomic molecule,  got='D'                        gold='\\boxed{D}' (letter)
[03:10:58] START model=deepseek base=http://spark-head.internal.littlecedar.net:4000
[03:10:58] .venv-qa/bin/python bench_reason.py --base-url http://spark-head.internal.littlecedar.net:4000 --model deepseek --bench hle --thinking off --limit 500

=== hle | deepseek | thinking=off | 500 items (0 cached) ===
  [FAIL] 66b727d367968fa27f2dddda           got='3. \\(-\\eta_{\\mu\\nu} \\gam' gold='\\(-((d - 2k)^2) + d\\)' (hle_norm)
  [PASS] 66c5c3eae30bdd4f1da62cfc           got='But maybe known result: ' gold='\\mathbb{Z}' (hle_contains)
  [FAIL] 66e88728ba7d8bc0d5806f3a           got='C'                        gold='B' (letter)
  [FAIL] 66e8967ae99ca52dd4b94441           got='C'                        gold='D+1' (hle_norm)
  [FAIL] 66e8a3ed3aa94517d4573b14           got="### Step 15 – Maybe it's" gold='\\frac{2}{7}' (hle_norm)
  [FAIL] 66e8c70b3add731d7fce4337           got='C'                        gold='B' (letter)
  [FAIL] 66e9469b76b5b4f3e8a369d5           got='- If in B: any'           gold='48' (hle_norm)
  [FAIL] 66e946fbb78e263c565b17e3           got='D'                        gold='C' (letter)
  [FAIL] 66e9560659cb31393efa7046           got='Given the complexity, ma' gold='2, 47176870 steps' (hle_norm)
  [FAIL] 66e991ec2dad0e536fb92ece           got='F'                        gold='C' (letter)
  [FAIL] 66e996260930c00374ceaa0b           got='Given symmetry, many row' gold='4' (hle_norm)
  [FAIL] 66e9a39f2dad0e536fb92efa           got='C'                        gold='B' (letter)
  [FAIL] 66e9c3d96c7bbd31738bbc20           got='But careful: In \\(\\phi^3' gold='48' (hle_norm)
  [FAIL] 66ea2cc3c602e2b991ae8aba           got='KS3: 84+90+82=256, w=204' gold='684' (hle_norm)
  [FAIL] 66ea96b819e2883032892d8e           got='A'                        gold='D' (letter)
  [FAIL] 66ea99e17094e6aa0bc758e7           got='3'                        gold='8' (hle_norm)
  [FAIL] 66eaa5ddc7a3252f0f3fe53f           got='0'                        gold='10' (hle_norm)
  [FAIL] 66eab9d8d5759460d20a81e4           got='?='                       gold='1076020 10760200 1076020' (hle_norm)
  [PASS] 66eadaf22b7de7dec0a046bd           got='B'                        gold='B' (letter)
  [FAIL] 66eaf0ba5e31c19691fe73b1           got='B'                        gold='E' (letter)
  [FAIL] 66eaf9bbb082c5e6a76a49b5           got='Subcase A2: end vertex g' gold='10' (hle_norm)
  [FAIL] 66eba0ac68e7d4b6c48bb022           got='H'                        gold='Q' (letter)
  [FAIL] 66ebb1e8709fbb756c1f7b74           got='B1: Two binary,'          gold='44' (hle_norm)
  [FAIL] 66ec3f63dd963f23532f9654           got='Yes'                      gold='No' (hle_norm)
  [FAIL] 66ec5e266f83e1764787e118           got='Number with disjoint sup' gold='10' (hle_norm)
  [FAIL] 66ecd3c6e8b95a8f971fb485           got='2+1+1:'                   gold='466734867281941962899212' (hle_norm)
  [FAIL] 66ecddac93c4bf17acb6c106           got='That’s huge —'            gold='1.86' (hle_norm)
  [FAIL] 66ece06d93c4bf17acb6c10f           got='−295.4 ps/s (predicted),' gold='330.76' (hle_norm)
  [FAIL] 66ed2362900e472541f5d0e9           got='O(n)'                     gold='O(n*log_2(n))' (hle_norm)
  [FAIL] 66ed28dfde312a049a78b3ba           got='A'                        gold='B' (letter)
  [FAIL] 66ed5e6a1d24f687ee9b06d1           got='Triangle. 1½ dots. Arrow' gold='Triangle. 0 dots. Arrow ' (hle_norm)
  [FAIL] 66ed97d1c2becb9452e4d7b4           got='(3,3,3)'                  gold='(2,1,3)' (hle_norm)
  [FAIL] 66edb4f2037d7dbe8bf48d0a           got='No'                       gold='Yes, plasma in the lamp ' (hle_norm)
  [FAIL] 66edc256d0ce7f9082f8d744           got='But maybe the'            gold='5904' (hle_norm)
  [FAIL] 66edd857a0ffa4c025458242           got='Direction down: (I,12)=W' gold='6' (hle_norm)
[03:24:55] START model=deepseek base=http://spark-head.internal.littlecedar.net:4000
[03:24:55] .venv-qa/bin/python bench_reason.py --base-url http://spark-head.internal.littlecedar.net:4000 --model deepseek --bench hle --thinking off --limit 200

=== hle | deepseek | thinking=off | 200 items (35 cached) ===
  [FAIL] 66ee3918d7b2b78925bd20b6           got='The key: The lists are a' gold='2469' (hle_norm)
  [FAIL] 66ee60c50e499ab807af71f2           got='G'                        gold='B' (letter)
  [FAIL] 66ef20a50312bf74c8ff43a0           got='The smallest \\(c\\) for w' gold='3/8' (hle_norm)
  [FAIL] 66ef5b2ee2bec3c64e8e4415           got='LDLUL**'                  gold='ULDL' (hle_norm)
  [FAIL] 66f1058e1ce23c0620f1efd8           got='D'                        gold='H' (letter)
  [FAIL] 66f162bd5542aa4ebe64481e           got='We need to perform 8 spl' gold='19' (hle_norm)
  [FAIL] 66f1d9a589b78acd31812b99           got='n ≥ 3**'                  gold='Even n.' (hle_norm)
  [FAIL] 66f25c95da5074d064015c54           got='4'                        gold='5' (hle_norm)
  [FAIL] 66f2cda3b508188b6e7328a8           got='50'                       gold='45' (hle_norm)
  [FAIL] 66f327638ab2699f361172ac           got='Let’s recall: For the co' gold='5' (hle_norm)
  [FAIL] 66f3cf8fb5184675d867ef6a           got='E'                        gold='F' (letter)
  [FAIL] 66f3fa084a937a16c867c042           got='But maybe m can be 999 o' gold='(3999,4000)' (hle_norm)
  [FAIL] 66f4979d41a8777b61cf391a           got='D'                        gold='A' (letter)
  [FAIL] 66f4a7ba439f15c2c0752479           got='Then a root \\(\\alpha = \\' gold='36' (hle_norm)
  [FAIL] 66f576d4dc7259d8b5bb0b30           got='50%'                      gold='100' (hle_norm)
  [FAIL] 66f57e3ddc7259d8b5bb0b46           got='D→C: -'                   gold='[62720,243]' (hle_norm)
  [FAIL] 66f63324376699e7c6894239           got='But known fact: For any ' gold='7527' (hle_norm)
  [FAIL] 66f83aed0d92e99048a4ae9d           got='B'                        gold='D' (letter)
  [FAIL] 66f9aac10b5d5283ffc39014           got='E'                        gold='H' (letter)
  [PASS] 66f9e9d3e0e271cd8ae533c6           got='BABBA'                    gold='BABAB' (hle_math_verify)
  [FAIL] 66fac0eca07ff774fa2219c5           got='The simplest number betw' gold='5' (hle_norm)
  [FAIL] 66fb24e7dea0e38a195b0030           got='Rods(t) = Rods2oo3(t) * ' gold='40' (hle_norm)
  [FAIL] 66fb60f0fce3673bfc606f35           got='None'                     gold='F' (letter)
  [FAIL] 66fbcca4a177ae967e470415           got='CADMIUM, COBALT, COPPER,' gold='CADMIUM, COBALT, COPPER,' (hle_norm)
  [FAIL] 66fc56f5d90ebe461bfd0c9c           got='2.95'                     gold='2.2' (hle_norm)
  [FAIL] 66fc7efd5b5cf30b0e009669           got='180 RPKM'                 gold='30.0%, 133.33%' (hle_norm)
  [FAIL] 66fcbb1e2c2f679cc795985f           got='No, the local magnetic f' gold='yes radial direction is ' (hle_norm)
  [FAIL] 66fd5050c58a30160cbc0978           got='countably infinite'       gold='2' (hle_norm)
  [FAIL] 66fdaf20d1e0bb15b8fc1eb6           got='D'                        gold='E' (letter)
  [FAIL] 66fe596c0eeb4521791d31ef           got='C'                        gold='D' (letter)
  [FAIL] 66fe796bc12cbe6aeaa26e69           got='The problems are that JT' gold='Infinite regress and cir' (hle_norm)
  [FAIL] 66fecc707183fdf40d11cb48           got='1'                        gold='5' (hle_norm)
  [FAIL] 66ff44de2cfec1499ea021dd           got='(6, 4)**'                 gold='(9,-3)' (hle_norm)
  [FAIL] 670097e2d8f693f97c36c13f           got='2,3,4,10'                 gold='2, 4, 6, 8, 10' (hle_norm)
  [FAIL] 67022df565df9f62ee01ee16           got='Ockham’s Razor (principl' gold='The Razor of Silence' (hle_norm)
  [FAIL] 67047b0e4580e464f8bff2aa           got='75.6 dB'                  gold='79.23' (hle_norm)
  [FAIL] 67053981f8ad2742675478b4           got='0'                        gold='3/5' (hle_norm)
  [FAIL] 6706295df10a8c2ca9a9c288           got='1999'                     gold='2067' (hle_norm)
  [FAIL] 6706671e0ae45a43cc2b8e8f           got='From S1={1,2}: S2 can be' gold='96' (hle_norm)
  [FAIL] 6706c88503718618700edfbc           got='B'                        gold='D' (letter)
  [FAIL] 670872c2f1b4c3641356feb0           got='1,3-dibromobenzene'       gold="1,1':3',1''-terphenyl" (hle_norm)
  [FAIL] 67087a6a972755fe392d782e           got='2-(phenylsulfanyl)aceton' gold='thiocyanatobenzene' (hle_norm)
  [FAIL] 670980821053a19619c30869           got='** 20'                    gold='510' (hle_norm)
  [FAIL] 6709e5af41a8c7cc16f75d2a           got='So the line \\(u=1\\) is i' gold='$d=u-u^2$.' (hle_norm)
  [FAIL] 670ad4fbb4aea214feb705d3           got='C'                        gold='B' (letter)
  [FAIL] 670adb93478162075e9ffcd3           got='Let’s try known: \\(c(a) ' gold='289/36' (hle_norm)
  [FAIL] 670c23124d86f843dc5efa7e           got='A'                        gold='E' (letter)
  [FAIL] 670df2e172288739ca35e0e1           got='1'                        gold='9' (hle_norm)
  [FAIL] 670e6f907232a5881ae60fc2           got='** \\(\\overline{[M]^2} - ' gold='\\overline{[M^2]^2} - \\ov' (hle_norm)
  [FAIL] 670e719a7232a5881ae60fc5           got='D₄h'                      gold='D2d x {E,T}' (hle_norm)
  [FAIL] 670eb085078b44f4766922a9           got='Given time, maybe there’' gold='$ \\frac{4b^2 -(n+3)2b + ' (hle_norm)
  [PASS] 670f39dc1dcaeb830ff6231f           got='A'                        gold='A' (letter)
  [FAIL] 670f511063b765ce8edde772           got='\\( 11.2 = K_d^2 / \\binom' gold='7' (hle_norm)
  [FAIL] 670ffefcdf4931d858723e36           got='We can count in SU(4,q) ' gold='976251475791861661945371' (hle_norm)
  [FAIL] 67117042d18c284f71d2d4c2           got='Θ(log n)'                 gold='$O(log^2 n)$' (hle_norm)
  [FAIL] 67136bf495e840a8db703aee           got='Same as p=-1! So f_n(2) ' gold='$(p^n - (1-p)^n)/(p^2-(1' (hle_norm)
  [FAIL] 6714794edb8854713558e041           got='From ac=bd: a c = √(225-' gold='13.54' (hle_norm)
  [FAIL] 6715b2dab3287d3dd4db03d6           got='Wait—maybe they used `so' gold='*sorted({int(x)for x in ' (hle_norm)
  [FAIL] 67164d0b4c922006e9e93a8d           got='E'                        gold='D' (letter)
  [PASS] 6716f33a5f46050f595f996d           got='the exposed −CH₂− group'  gold='The −OH group' (hle_contains)
  [FAIL] 67171dca583e0959a2a84f91           got='9'                        gold='392' (hle_norm)
  [FAIL] 67173a11ffe2e8bed48b717f           got='191'                      gold='305 mm' (hle_norm)
  [FAIL] 67177e9af71587570e809fc0           got='4.17 × 10^8 W/m²'         gold='$2.6 \\times 10^{13} W/m^' (hle_norm)
  [FAIL] 6717bb84443232c907a3171f           got='0.651'                    gold='0.644' (hle_norm)
  [FAIL] 671860bde63e6c0745a3b323           got='But maybe P is on other ' gold='10.42' (hle_norm)
  [FAIL] 6718789cfefa7a59122266e4           got='** Edges: C–D, F–G, A–B,' gold=' \\{(C, D), (F, G), (A, B' (hle_norm)
  [FAIL] 6718bda630040f2227182007           got='1'                        gold='c' (hle_norm)
  [FAIL] 67191c9bce07d59c752a4210           got='6.2'                      gold='0.424' (hle_norm)
  [FAIL] 6719a83547f600be2c21b6f7           got='Reduce: 93/200 ≈ 0.465, ' gold='0.009' (hle_norm)
  [FAIL] 671b7f4458b64c53882ad080           got='We can think of this as:' gold='96' (hle_norm)
  [FAIL] 671bef23b55b44cbffbf0972           got='R-R interval'             gold='root mean square of succ' (hle_norm)
  [FAIL] 671bf785fc1ad15079783d89           got='<answer>". Could be 1.81' gold='$1.654 n \\log_2(n)$' (hle_norm)
  [FAIL] 671dea179a50e5f7394157de           got='D'                        gold='A' (letter)
  [FAIL] 671dfc4d348d6bb4709de947           got='We chose \\( A \\) to be t' gold='$\\max\\limits_i (a_ia_{i+' (hle_norm)
  [FAIL] 671ef8426edc2afd69958982           got='A'                        gold='D' (letter)
  [FAIL] 671f0c2578ab3005e439aeba           got='E'                        gold='A' (letter)
  [FAIL] 671f2a3b6b0783bbe0457f38           got='1**'                      gold='2, 4, 5' (hle_norm)
  [FAIL] 671f8a0781665b519321d818           got='In orthorhombic, B₁u pol' gold='13 (E||x), 9 (E||y), and' (hle_norm)
  [FAIL] 671fb84fc6abf8266c1892c8           got='Let’s check: If \\( d(B_n' gold='19' (hle_norm)
  [FAIL] 671fb909298c0d11670fc56b           got='Ba(NO₃)₂**'               gold='BaCl2' (hle_norm)
  [FAIL] 671fd62fc40008a5a756fea4           got='For slow variation of \\(' gold='A e^{- \\alpha L /c}' (hle_norm)
  [FAIL] 671ff0e5029265f239082aac           got="Maybe it's a sequence of" gold='155' (hle_norm)
  [FAIL] 671ff7a24140ffc71dfae4af           got='**Step 14 – Maybe they a' gold='2394' (hle_norm)
  [FAIL] 67202822dbc5086c0bdd4e1c           got='B'                        gold='A' (letter)
  [FAIL] 67204844452d0bd5546e11ef           got='G'                        gold='B' (letter)
  [FAIL] 672067805681ce2b6f5a08a7           got='If \\(x=0\\), \\(U\\) itself' gold='25' (hle_norm)
  [FAIL] 6720d5455cedc02ed70dbe42           got='7 6 3**'                  gold='4 5 7' (hle_norm)
  [FAIL] 67217d44c98941f2d2d343f6           got='This set is compact in \\' gold='CG' (hle_norm)
  [FAIL] 6721998686e95ac1054387b3           got='\\(n\\left(1 + \\frac{\\alph' gold='n + (\\frac{\\pi^2}{6} - 1' (hle_norm)
  [FAIL] 6721a513823e82a699228953           got='After'                    gold='Bg4, 6' (hle_norm)
  [FAIL] 6721f74cffe59043e1a1a35e           got='8'                        gold='5' (hle_norm)
  [FAIL] 6722084fdcce66512a82d9f4           got='51**'                     gold='44' (hle_norm)
  [FAIL] 6722198c0628f6647e3d591e           got='0'                        gold='13' (hle_norm)
  [FAIL] 672249fd7d612873ced61e2a           got='\\(1-e_B^2'               gold='0.283' (hle_norm)
  [FAIL] 67224f4ebde28304bfaed444           got='12**'                     gold='28' (hle_norm)
  [PASS] 672255e153af61d9b29732b8           got='\\( \\frac{e}{2} \\)'     gold='e / 2' (hle_math_verify)
  [FAIL] 6722728827542064f9b14815           got='C'                        gold='B' (letter)
  [FAIL] 6722f154f693c6993abe9eb6           got='A'                        gold='$0.225$' (hle_norm)
  [FAIL] 67231c593913fc1112f91418           got='0**'                      gold='1930' (hle_norm)
  [PASS] 6723aabba9cdb53690220752           got='Denis'                    gold='Denis' (hle_math_verify)
  [FAIL] 6723b96ad08035d13d467d54           got='The ball is convex, so s' gold='\\infty' (hle_norm)
  [FAIL] 6723c1f51dd204907be142fe           got='Thus for n=100,'          gold='102' (hle_norm)
  [FAIL] 6724109dab2b4ea54da1ad90           got='A'                        gold='D' (letter)
  [FAIL] 6724134c03192a89cb2296c0           got='C'                        gold='A' (letter)
  [FAIL] 67249d57d91756473725533a           got='A'                        gold='E' (letter)
  [FAIL] 6724d4f2618e28a18b101158           got='Yes; yes; no.'            gold='(a) No; (b) yes; (c) no.' (hle_norm)
  [FAIL] 6724d9e612a8d5ea6a61936f           got='But known fact: The 3-ne' gold='(a) \\( 2^{15} \\); (b) ye' (hle_norm)
  [PASS] 6724dae7f70a476bbcaa32ef           got='No; yes; 2'               gold='(a) Yes; (b) yes; (c) 2.' (hle_math_verify)
  [FAIL] 6724f3552002c95e0b70ebc4           got='Check S=4 (even), c=7. T' gold='(a) Yes; (b) yes; (c) 3.' (hle_norm)
  [FAIL] 672500151d07f0962c8993d7           got='C'                        gold='B' (letter)
  [FAIL] 672521a56cd1b99dae47a110           got='No; No; No'               gold='(a) Yes; (b) Yes; (c) Ye' (hle_norm)
  [FAIL] 6725255ee6807ea2c8372c3c           got='Let’s check 1368.568: 13' gold='F(6)A2G(4)2Ga(3)1Sg1' (hle_norm)
  [FAIL] 67253e40cff9fdccf85f3f08           got='Better to build'          gold='CC1(C)OC2COC3(COC(C)(C)O' (hle_norm)
  [FAIL] 6725dc14097c6790b292765e           got='24/25'                    gold='$\\frac{404}{25}$' (hle_norm)
  [PASS] 6725e42052e181595c8bf328           got='B'                        gold='B' (letter)
  [PASS] 6725e8e30a7e4f593d9c716f           got='E'                        gold='E' (letter)
  [FAIL] 672603f3fd50e2db8a0571ba           got='We have \\(S(P) = 2^n \\sq' gold='$\\frac{\\sqrt{2k+1}}{(k!)' (hle_norm)
  [FAIL] 6726054b0aae355a51195ce8           got='C'                        gold='A' (letter)
  [FAIL] 672671d9ceeb5d61315c4e39           got='There’s a paper: "Learni' gold='11' (hle_norm)
  [FAIL] 67279eea8416b7e045c83b93           got='Maybe Qd5xg5 not possibl' gold='9' (hle_norm)
  [FAIL] 6728ba13fbd2af689fc469e5           got='Given common patterns, m' gold='Q_8' (hle_norm)
  [FAIL] 6728be777ed2554b747b3d65           got='** \\( \\frac{16\\pi^2}{3} ' gold='3ϵ/16' (hle_norm)
  [FAIL] 6728e8d695a162eb76520086           got='** \\( G_0 \\propto \\frac{' gold='G_0\u200b∝1/(ϵ_k\u200b−iη)' (hle_norm)
  [PASS] 67298280a5f43bd5a3870e14           got='\\frac{m v^2}{l} + \\frac{' gold='\\frac{2}{3}mg+m\\frac{v^2' (hle_math_verify)
  [FAIL] 672a28afb4642f4105e02122           got='1'                        gold='0' (hle_norm)
  [FAIL] 672bf01199b43edbc86d142e           got="\\(\\Omega(q d')\\)"      gold='O(Nd)' (hle_norm)
  [FAIL] 672ce1d6ce33946794b97a88           got='What about **cubic boron' gold='Monoclinic CuO C2/c sp.g' (hle_norm)
  [FAIL] 672ce1e7ce33946794b97a89           got='** A5 E6 C#5 F#5 B4 A4 C' gold='G#5 F#5 F#5 C#5 D5 B5 F#' (hle_norm)
  [FAIL] 672db3a88bc9e04cb09bf8f7           got='Originally, all F in \\(\\' gold='(a) True; (b) Yes; (c) Y' (hle_norm)
  [FAIL] 672dceba64a3350407a69646           got='400'                      gold='300' (hle_norm)
  [FAIL] 672e4fe878953b9f63939501           got='---'                      gold='249' (hle_norm)
  [FAIL] 672f54bf8e66d0d6f864f6ec           got='Versus 9 circles + some ' gold='9:18:31941' (hle_norm)
  [FAIL] 672fb1872357e1d1acd486dc           got="I don't know"             gold='Angelika McPherson' (hle_norm)
  [FAIL] 67309ff3cae6d721326ee9f5           got='Maybe the answer is “inf' gold='2' (hle_norm)
  [FAIL] 67310b7b6e2b21ba84f49060           got='- \\(x^2\\) term: from lin' gold='$1+\\frac{10080n^2-1433}{' (hle_norm)
  [FAIL] 67319c16b68f5ac822e236b0           got='B'                        gold='C' (letter)
  [FAIL] 6731cc48b2c262fe258260db           got='Yes'                      gold='no' (hle_norm)
  [FAIL] 6731deb93e52c2db8f318e74           got='4'                        gold='729' (hle_norm)
  [FAIL] 673312855d26efacb4819f3a           got='**Step 9 –'               gold='26' (hle_norm)
  [FAIL] 673484483ad1f0cf44dd1ca6           got='Because \\( U \\) is a 1-m' gold='no' (hle_norm)
  [FAIL] 673497b017a9687889930ac4           got='E'                        gold='J' (letter)
  [FAIL] 6735912dafcb88708291fd28           got='\\(\\beta = 5.797,\\ \\lambd' gold='5.446, 57.095' (hle_norm)
  [FAIL] 6735a032f947388686c608f1           got='Let’s recall the actual ' gold='6' (hle_norm)
  [FAIL] 6735e1f406111f3d647d6cd2           got='\\(\\Delta(G) + 1\\)'     gold='(ω(G)+n+1−α(G)\u200b)/2' (hle_norm)
  [FAIL] 673627bc10ec0a5f859365ce           got='NNNY**'                   gold='YYN2' (hle_norm)
  [FAIL] 67365419b7341a55d7dc1229           got='Better approach: There’s' gold='61/144' (hle_norm)
  [FAIL] 67367cbd06a61a42cae30293           got='8'                        gold='18' (hle_norm)
  [PASS] 6736b24a58f461953a97e874           got='4'                        gold='4' (hle_math_verify)
  [FAIL] 6736c43123d0fb145461cc78           got='But maybe we can'         gold='1329:1729:24:100' (hle_norm)
  [FAIL] 6736ccc7b9b2577c622e944c           got='\\(\\frac{\\pi}{5} 3^{-2/5}' gold='\\frac{0.76}{\\epsilon^{0.' (hle_norm)
  [FAIL] 6736e17253926b38af8c205e           got='Let’s define for side AB' gold='\\[50 \\sqrt{3} \\, \\text{s' (hle_norm)
  [FAIL] 6736f7bc980211368f0f94eb           got='** Lot A: Tommy’s Estate' gold='Tommy owns Lot A and Lot' (hle_norm)
  [FAIL] 6736fbe5670838f1f416e243           got='29120'                    gold='3640000' (hle_norm)
  [FAIL] 6737006d3f0517b6e8a60733           got='G'                        gold='H' (letter)
  [FAIL] 673710799f4e09ce7f83d562           got='360,1100,1200**'          gold='360,860,1200' (hle_norm)
  [FAIL] 673716bd2773953bca4195d7           got='- \\( N=21 \\): (10,11): (' gold='142' (hle_norm)
  [FAIL] 673720aaa0952b81a2073e09           got='** \\(P(S_\\tau = a) = \\fr' gold='M_n  is a martingale,ES_' (hle_norm)
  [FAIL] 67373446bb9a786bfe928d2c           got='[ʃok ahsoɾˈβeɾ]'          gold="/t͡ʃo kab 'sol β̞el/" (hle_norm)
  [FAIL] 6737b06da13b1b21b0d0826f           got='**Step 6 – Final'         gold='Ψ, Φ, Ω' (hle_norm)
  [FAIL] 6737b422d3949406f1ed580b           got='C'                        gold='A' (letter)
  [FAIL] 673814e333f92b33fc5d4ef6           got='But in the final form, t' gold='$\\omega_2 \\cdot \\omega_1' (hle_norm)
  [FAIL] 67381a8ee4ea03183132a559           got='C'                        gold='B' (letter)
  [FAIL] 67382f8535f9616e390e73ae           got='Yes'                      gold='No.' (hle_norm)
  [FAIL] 6738936964b4aaf164087959           got='A,B**'                    gold='A,B,C,D' (hle_norm)
  [FAIL] 6738df8c201a2bd66499797a           got='C'                        gold='A' (letter)
  [FAIL] 67396b6ad7c193febc65bb8e           got='Saint Peter'              gold='St. Peter' (hle_norm)
  [FAIL] 6739f5ede8b91dc9dac17cd9           got='7**'                      gold='11' (hle_norm)
  [FAIL] 673a8c2e4e2e35b51a27fafd           got='B'                        gold='C' (letter)
  [PASS] 673af80a3022b9e17f89d1c5           got='But can we get 1? Probab' gold='1' (hle_math_verify)
  [FAIL] 673b026a4fa2c1cad72e2e28           got='D'                        gold='B' (letter)
  [PASS] 673b029436de4ca04372776d           got='NM_002520.7:c.860_863dup' gold='NM_002520.7:c.860_863dup' (hle_contains)
  [FAIL] 673b6ca1a646afb63047219f           got='E'                        gold='C' (letter)
  [FAIL] 673bd7048229809fa3ec5653           got='28.3 dB'                  gold='3.95 dB' (hle_norm)
  [FAIL] 673d6d05b7ef4f8f44830921           got='J'                        gold='B' (letter)
  [FAIL] 673ff6e9766a23f49ade65df           got='So for identity input: \\' gold='$(1-F_1-F_2+22F_1F_2)/21' (hle_norm)
  [FAIL] 674362ab6b7aa212dfb90595           got='Compute Sh'               gold='$\\frac{n^2(n+1)^2(3n^2+7' (hle_norm)
  [FAIL] 674761ffca5b554156dc9037           got='None'                     gold='B' (letter)
  [FAIL] 675607da9a5b1e850b1d4315           got='Try \\(u^0(x,t) = e^{-x} ' gold='10^{502}' (hle_norm)
  [FAIL] 6756844266c3ec0e7088bf9f           got="We don't actually need i" gold='9/16' (hle_norm)
  [FAIL] 67621c9152d4856784239c35           got="For β>0: the loss term's" gold='0,0' (hle_norm)
  [FAIL] 6765d5c13846d5aa80ace595           got='Dobbin'                   gold='The Mari Lwyd' (hle_norm)
  [FAIL] 67887461021f084e2418aeaa           got='16'                       gold='5' (hle_norm)
  => hle: 13/200 = 6.5%
[04:40:32] .venv-qa/bin/python bench_reason.py --base-url http://spark-head.internal.littlecedar.net:4000 --model deepseek --bench gpqa --thinking off

=== gpqa | deepseek | thinking=off | 198 items (192 cached) ===
  => gpqa: 142/198 = 71.7%
[04:40:32] .venv-qa/bin/python bench_reason.py --base-url http://spark-head.internal.littlecedar.net:4000 --model deepseek --bench mmlu_pro --thinking off --limit 400

=== mmlu_pro | deepseek | thinking=off | 400 items (0 cached) ===
  [PASS] 97                                 got='F'                        gold='F' (letter)
  [PASS] 110                                got='G'                        gold='G' (letter)
  [PASS] 165                                got='D'                        gold='D' (letter)
  [PASS] 193                                got='F'                        gold='F' (letter)
  [PASS] 311                                got='C'                        gold='C' (letter)
  [PASS] 331                                got='G'                        gold='G' (letter)
  [PASS] 357                                got='H'                        gold='H' (letter)
  [PASS] 370                                got='H'                        gold='H' (letter)
  [PASS] 389                                got='G'                        gold='G' (letter)
  [PASS] 514                                got='B'                        gold='B' (letter)
  [FAIL] 518                                got='A'                        gold='C' (letter)
  [PASS] 538                                got='I'                        gold='I' (letter)
  [PASS] 539                                got='B'                        gold='B' (letter)
  [PASS] 563                                got='D'                        gold='D' (letter)
  [PASS] 579                                got='C'                        gold='C' (letter)
  [PASS] 648                                got='I'                        gold='I' (letter)
  [PASS] 688                                got='C'                        gold='C' (letter)
  [PASS] 699                                got='E'                        gold='E' (letter)
  [PASS] 725                                got='H'                        gold='H' (letter)
  [PASS] 730                                got='B'                        gold='B' (letter)
  [FAIL] 735                                got='C'                        gold='B' (letter)
  [PASS] 746                                got='F'                        gold='F' (letter)
  [PASS] 749                                got='D'                        gold='D' (letter)
  [PASS] 799                                got='J'                        gold='J' (letter)
  [PASS] 808                                got='G'                        gold='G' (letter)
  [PASS] 819                                got='A'                        gold='A' (letter)
  [PASS] 830                                got='H'                        gold='H' (letter)
  [PASS] 859                                got='I'                        gold='I' (letter)
  [PASS] 864                                got='C'                        gold='C' (letter)
  [FAIL] 936                                got='A'                        gold='D' (letter)
  [PASS] 937                                got='D'                        gold='D' (letter)
  [PASS] 964                                got='H'                        gold='H' (letter)
  [FAIL] 1068                               got='F'                        gold='B' (letter)
  [PASS] 1076                               got='D'                        gold='D' (letter)
  [PASS] 1114                               got='B'                        gold='B' (letter)
  [PASS] 1138                               got='C'                        gold='C' (letter)
  [PASS] 1149                               got='B'                        gold='B' (letter)
  [PASS] 1167                               got='A'                        gold='A' (letter)
  [PASS] 1200                               got='D'                        gold='D' (letter)
  [FAIL] 1206                               got='E'                        gold='D' (letter)
  [FAIL] 1208                               got='F'                        gold='A' (letter)
  [PASS] 1213                               got='E'                        gold='E' (letter)
  [PASS] 1225                               got='B'                        gold='B' (letter)
  [PASS] 1240                               got='I'                        gold='I' (letter)
  [PASS] 1243                               got='B'                        gold='B' (letter)
  [PASS] 1245                               got='I'                        gold='I' (letter)
  [PASS] 1271                               got='E'                        gold='E' (letter)
  [PASS] 1280                               got='D'                        gold='D' (letter)
  [PASS] 1285                               got='B'                        gold='B' (letter)
  [PASS] 1318                               got='E'                        gold='E' (letter)
  [PASS] 1333                               got='A'                        gold='A' (letter)
  [FAIL] 1371                               got='J'                        gold='F' (letter)
  [PASS] 1401                               got='G'                        gold='G' (letter)
  [PASS] 1447                               got='F'                        gold='F' (letter)
  [PASS] 1465                               got='F'                        gold='F' (letter)
  [PASS] 1482                               got='E'                        gold='E' (letter)
  [FAIL] 1526                               got='D'                        gold='I' (letter)
  [PASS] 1527                               got='C'                        gold='C' (letter)
  [FAIL] 1548                               got='C'                        gold='E' (letter)
  [FAIL] 1576                               got='A'                        gold='J' (letter)
  [FAIL] 1587                               got='E'                        gold='H' (letter)
  [PASS] 1613                               got='I'                        gold='I' (letter)
  [PASS] 1706                               got='C'                        gold='C' (letter)
  [FAIL] 1754                               got='C'                        gold='E' (letter)
  [PASS] 1784                               got='A'                        gold='A' (letter)
  [PASS] 1794                               got='F'                        gold='F' (letter)
  [FAIL] 1867                               got='D'                        gold='C' (letter)
  [FAIL] 1912                               got='F'                        gold='H' (letter)
  [PASS] 1959                               got='H'                        gold='H' (letter)
  [FAIL] 1970                               got='G'                        gold='F' (letter)
  [FAIL] 2010                               got='E'                        gold='A' (letter)
  [PASS] 2056                               got='A'                        gold='A' (letter)
  [PASS] 2058                               got='C'                        gold='C' (letter)
  [FAIL] 2129                               got='B'                        gold='A' (letter)
  [PASS] 2212                               got='H'                        gold='H' (letter)
  [FAIL] 2245                               got='B'                        gold='A' (letter)
  [PASS] 2346                               got='G'                        gold='G' (letter)
  [PASS] 2373                               got='J'                        gold='J' (letter)
  [PASS] 2393                               got='F'                        gold='F' (letter)
  [PASS] 2395                               got='D'                        gold='D' (letter)
  [PASS] 2415                               got='E'                        gold='E' (letter)
  [PASS] 2458                               got='F'                        gold='F' (letter)
  [PASS] 2466                               got='E'                        gold='E' (letter)
  [PASS] 2477                               got='I'                        gold='I' (letter)
  [PASS] 2487                               got='A'                        gold='A' (letter)
  [PASS] 2526                               got='A'                        gold='A' (letter)
  [FAIL] 2532                               got='H'                        gold='B' (letter)
  [PASS] 2536                               got='J'                        gold='J' (letter)
  [PASS] 2583                               got='C'                        gold='C' (letter)
  [PASS] 2611                               got='G'                        gold='G' (letter)
  [PASS] 2639                               got='H'                        gold='H' (letter)
  [PASS] 2644                               got='J'                        gold='J' (letter)
  [FAIL] 2645                               got='E'                        gold='J' (letter)
  [PASS] 2683                               got='F'                        gold='F' (letter)
  [PASS] 2778                               got='A'                        gold='A' (letter)
  [PASS] 2803                               got='C'                        gold='C' (letter)
  [FAIL] 2807                               got='A'                        gold='I' (letter)
  [PASS] 2820                               got='A'                        gold='A' (letter)
  [PASS] 2825                               got='G'                        gold='G' (letter)
  [PASS] 2855                               got='G'                        gold='G' (letter)
  [PASS] 2886                               got='B'                        gold='B' (letter)
  [PASS] 2902                               got='H'                        gold='H' (letter)
  [PASS] 2920                               got='F'                        gold='F' (letter)
  [PASS] 2980                               got='F'                        gold='F' (letter)
  [PASS] 3023                               got='F'                        gold='F' (letter)
  [FAIL] 3119                               got='J'                        gold='C' (letter)
  [FAIL] 3160                               got='E'                        gold='G' (letter)
  [PASS] 3161                               got='A'                        gold='A' (letter)
  [PASS] 3257                               got='J'                        gold='J' (letter)
  [PASS] 3308                               got='F'                        gold='F' (letter)
  [PASS] 3309                               got='D'                        gold='D' (letter)
  [PASS] 3368                               got='H'                        gold='H' (letter)
  [PASS] 3398                               got='H'                        gold='H' (letter)
  [PASS] 3428                               got='J'                        gold='J' (letter)
  [PASS] 3451                               got='D'                        gold='D' (letter)
  [PASS] 3463                               got='C'                        gold='C' (letter)
  [PASS] 3481                               got='C'                        gold='C' (letter)
  [PASS] 3497                               got='A'                        gold='A' (letter)
  [PASS] 3514                               got='D'                        gold='D' (letter)
  [PASS] 3540                               got='B'                        gold='B' (letter)
  [FAIL] 3625                               got='G'                        gold='H' (letter)
  [PASS] 3629                               got='D'                        gold='D' (letter)
  [PASS] 3645                               got='B'                        gold='B' (letter)
  [PASS] 3676                               got='J'                        gold='J' (letter)
  [PASS] 3717                               got='E'                        gold='E' (letter)
  [PASS] 3720                               got='G'                        gold='G' (letter)
  [PASS] 3857                               got='C'                        gold='C' (letter)
  [PASS] 3884                               got='A'                        gold='A' (letter)
  [PASS] 3932                               got='D'                        gold='D' (letter)
  [PASS] 3995                               got='D'                        gold='D' (letter)
  [PASS] 4003                               got='A'                        gold='A' (letter)
  [PASS] 4091                               got='E'                        gold='E' (letter)
  [PASS] 4111                               got='E'                        gold='E' (letter)
  [PASS] 4144                               got='A'                        gold='A' (letter)
  [FAIL] 4208                               got='None'                     gold='C' (letter)
  [FAIL] 4219                               got='H'                        gold='D' (letter)
  [PASS] 4312                               got='A'                        gold='A' (letter)
  [PASS] 4340                               got='C'                        gold='C' (letter)
  [PASS] 4344                               got='G'                        gold='G' (letter)
  [PASS] 4392                               got='F'                        gold='F' (letter)
  [PASS] 4411                               got='A'                        gold='A' (letter)
  [FAIL] 4497                               got='F'                        gold='I' (letter)
  [PASS] 4514                               got='C'                        gold='C' (letter)
  [PASS] 4544                               got='A'                        gold='A' (letter)
  [PASS] 4548                               got='C'                        gold='C' (letter)
  [PASS] 4583                               got='D'                        gold='D' (letter)
  [PASS] 4624                               got='H'                        gold='H' (letter)
  [PASS] 4638                               got='I'                        gold='I' (letter)
  [PASS] 4666                               got='D'                        gold='D' (letter)
  [FAIL] 4687                               got='D'                        gold='A' (letter)
  [FAIL] 4703                               got='I'                        gold='A' (letter)
  [FAIL] 4720                               got='D'                        gold='B' (letter)
  [PASS] 4740                               got='C'                        gold='C' (letter)
  [FAIL] 4827                               got='G'                        gold='I' (letter)
  [PASS] 4884                               got='J'                        gold='J' (letter)
  [PASS] 4942                               got='F'                        gold='F' (letter)
  [FAIL] 4952                               got='G'                        gold='A' (letter)
  [PASS] 4983                               got='D'                        gold='D' (letter)
  [PASS] 5013                               got='J'                        gold='J' (letter)
  [PASS] 5029                               got='C'                        gold='C' (letter)
  [PASS] 5032                               got='G'                        gold='G' (letter)
  [PASS] 5060                               got='C'                        gold='C' (letter)
  [FAIL] 5086                               got='B'                        gold='C' (letter)
  [PASS] 5096                               got='B'                        gold='B' (letter)
  [PASS] 5131                               got='F'                        gold='F' (letter)
  [PASS] 5141                               got='H'                        gold='H' (letter)
  [PASS] 5145                               got='A'                        gold='A' (letter)
  [FAIL] 5149                               got='C'                        gold='B' (letter)
  [FAIL] 5186                               got='J'                        gold='A' (letter)
  [PASS] 5270                               got='A'                        gold='A' (letter)
  [PASS] 5289                               got='D'                        gold='D' (letter)
  [PASS] 5335                               got='B'                        gold='B' (letter)
  [FAIL] 5367                               got='B'                        gold='D' (letter)
  [FAIL] 5404                               got='J'                        gold='I' (letter)
  [FAIL] 5444                               got='F'                        gold='E' (letter)
  [PASS] 5460                               got='J'                        gold='J' (letter)
  [FAIL] 5475                               got='E'                        gold='H' (letter)
  [PASS] 5495                               got='A'                        gold='A' (letter)
  [PASS] 5564                               got='H'                        gold='H' (letter)
  [PASS] 5573                               got='J'                        gold='J' (letter)
  [PASS] 5584                               got='A'                        gold='A' (letter)
  [PASS] 5613                               got='F'                        gold='F' (letter)
  [PASS] 5618                               got='J'                        gold='J' (letter)
  [PASS] 5626                               got='E'                        gold='E' (letter)
  [PASS] 5718                               got='C'                        gold='C' (letter)
  [FAIL] 5730                               got='B'                        gold='I' (letter)
  [FAIL] 5753                               got='G'                        gold='F' (letter)
  [PASS] 5815                               got='D'                        gold='D' (letter)
  [PASS] 5827                               got='H'                        gold='H' (letter)
  [PASS] 5828                               got='C'                        gold='C' (letter)
  [PASS] 5829                               got='B'                        gold='B' (letter)
  [PASS] 5833                               got='A'                        gold='A' (letter)
  [PASS] 5855                               got='D'                        gold='D' (letter)
  [PASS] 5874                               got='J'                        gold='J' (letter)
  [FAIL] 5884                               got='I'                        gold='G' (letter)
  [FAIL] 5885                               got='A'                        gold='J' (letter)
  [PASS] 5934                               got='E'                        gold='E' (letter)
  [PASS] 5969                               got='H'                        gold='H' (letter)
  [PASS] 5979                               got='J'                        gold='J' (letter)
  [PASS] 5982                               got='D'                        gold='D' (letter)
  [PASS] 6078                               got='H'                        gold='H' (letter)
  [PASS] 6167                               got='G'                        gold='G' (letter)
  [PASS] 6209                               got='I'                        gold='I' (letter)
  [FAIL] 6216                               got='G'                        gold='A' (letter)
  [PASS] 6251                               got='E'                        gold='E' (letter)
  [PASS] 6254                               got='G'                        gold='G' (letter)
  [PASS] 6312                               got='F'                        gold='F' (letter)
  [PASS] 6336                               got='F'                        gold='F' (letter)
  [PASS] 6345                               got='F'                        gold='F' (letter)
  [FAIL] 6386                               got='D'                        gold='H' (letter)
  [FAIL] 6398                               got='B'                        gold='F' (letter)
  [FAIL] 6409                               got='D'                        gold='B' (letter)
  [FAIL] 6491                               got='F'                        gold='G' (letter)
  [PASS] 6578                               got='A'                        gold='A' (letter)
  [PASS] 6606                               got='C'                        gold='C' (letter)
  [PASS] 6629                               got='E'                        gold='E' (letter)
  [PASS] 6636                               got='B'                        gold='B' (letter)
  [FAIL] 6640                               got='B'                        gold='C' (letter)
  [PASS] 6663                               got='D'                        gold='D' (letter)
  [PASS] 6691                               got='J'                        gold='J' (letter)
  [PASS] 6720                               got='E'                        gold='E' (letter)
  [PASS] 6727                               got='A'                        gold='A' (letter)
  [PASS] 6858                               got='C'                        gold='C' (letter)
  [PASS] 6888                               got='G'                        gold='G' (letter)
  [PASS] 6986                               got='A'                        gold='A' (letter)
  [PASS] 6988                               got='E'                        gold='E' (letter)
  [PASS] 7070                               got='D'                        gold='D' (letter)
  [PASS] 7084                               got='E'                        gold='E' (letter)
  [PASS] 7155                               got='A'                        gold='A' (letter)
  [FAIL] 7157                               got='D'                        gold='E' (letter)
  [PASS] 7199                               got='J'                        gold='J' (letter)
  [PASS] 7264                               got='J'                        gold='J' (letter)
  [PASS] 7293                               got='H'                        gold='H' (letter)
  [PASS] 7319                               got='E'                        gold='E' (letter)
  [PASS] 7352                               got='F'                        gold='F' (letter)
  [PASS] 7382                               got='D'                        gold='D' (letter)
  [PASS] 7398                               got='F'                        gold='F' (letter)
  [PASS] 7400                               got='C'                        gold='C' (letter)
  [PASS] 7494                               got='J'                        gold='J' (letter)
  [PASS] 7500                               got='H'                        gold='H' (letter)
  [PASS] 7524                               got='I'                        gold='I' (letter)
  [PASS] 7611                               got='E'                        gold='E' (letter)
  [PASS] 7623                               got='D'                        gold='D' (letter)
  [PASS] 7677                               got='E'                        gold='E' (letter)
  [FAIL] 7687                               got='A'                        gold='H' (letter)
  [PASS] 7712                               got='A'                        gold='A' (letter)
  [PASS] 7733                               got='F'                        gold='F' (letter)
  [PASS] 7777                               got='B'                        gold='B' (letter)
  [PASS] 7793                               got='C'                        gold='C' (letter)
  [PASS] 7816                               got='A'                        gold='A' (letter)
  [PASS] 7848                               got='D'                        gold='D' (letter)
  [FAIL] 7852                               got='G'                        gold='J' (letter)
  [PASS] 7897                               got='H'                        gold='H' (letter)
  [PASS] 7923                               got='H'                        gold='H' (letter)
  [PASS] 7929                               got='I'                        gold='I' (letter)
  [PASS] 7956                               got='C'                        gold='C' (letter)
  [FAIL] 7978                               got='F'                        gold='B' (letter)
  [PASS] 7980                               got='A'                        gold='A' (letter)
  [PASS] 8013                               got='E'                        gold='E' (letter)
  [PASS] 8014                               got='D'                        gold='D' (letter)
  [PASS] 8041                               got='A'                        gold='A' (letter)
  [PASS] 8051                               got='B'                        gold='B' (letter)
  [PASS] 8065                               got='B'                        gold='B' (letter)
  [PASS] 8117                               got='I'                        gold='I' (letter)
  [PASS] 8133                               got='D'                        gold='D' (letter)
  [PASS] 8139                               got='A'                        gold='A' (letter)
  [PASS] 8149                               got='I'                        gold='I' (letter)
  [PASS] 8159                               got='B'                        gold='B' (letter)
  [PASS] 8221                               got='A'                        gold='A' (letter)
  [PASS] 8258                               got='F'                        gold='F' (letter)
  [FAIL] 8310                               got='F'                        gold='E' (letter)
  [PASS] 8321                               got='I'                        gold='I' (letter)
  [PASS] 8369                               got='E'                        gold='E' (letter)
  [PASS] 8372                               got='H'                        gold='H' (letter)
  [PASS] 8387                               got='A'                        gold='A' (letter)
  [FAIL] 8429                               got='B'                        gold='G' (letter)
  [PASS] 8450                               got='G'                        gold='G' (letter)
  [PASS] 8460                               got='E'                        gold='E' (letter)
  [PASS] 8484                               got='H'                        gold='H' (letter)
  [PASS] 8489                               got='G'                        gold='G' (letter)
  [PASS] 8511                               got='G'                        gold='G' (letter)
  [PASS] 8529                               got='D'                        gold='D' (letter)
  [PASS] 8547                               got='B'                        gold='B' (letter)
  [PASS] 8625                               got='I'                        gold='I' (letter)
  [PASS] 8629                               got='A'                        gold='A' (letter)
  [PASS] 8635                               got='D'                        gold='D' (letter)
  [PASS] 8688                               got='E'                        gold='E' (letter)
  [PASS] 8693                               got='F'                        gold='F' (letter)
  [PASS] 8728                               got='B'                        gold='B' (letter)
  [PASS] 8802                               got='C'                        gold='C' (letter)
  [PASS] 8826                               got='C'                        gold='C' (letter)
  [PASS] 8866                               got='F'                        gold='F' (letter)
  [PASS] 8868                               got='H'                        gold='H' (letter)
  [PASS] 8874                               got='I'                        gold='I' (letter)
  [PASS] 8894                               got='C'                        gold='C' (letter)
  [FAIL] 8909                               got='E'                        gold='C' (letter)
  [PASS] 8914                               got='A'                        gold='A' (letter)
  [FAIL] 8938                               got='None'                     gold='G' (letter)
  [PASS] 8943                               got='A'                        gold='A' (letter)
  [FAIL] 8955                               got='None'                     gold='D' (letter)
  [PASS] 8995                               got='C'                        gold='C' (letter)
  [PASS] 9054                               got='H'                        gold='H' (letter)
  [PASS] 9135                               got='E'                        gold='E' (letter)
  [PASS] 9171                               got='F'                        gold='F' (letter)
  [PASS] 9184                               got='D'                        gold='D' (letter)
  [PASS] 9305                               got='H'                        gold='H' (letter)
  [PASS] 9320                               got='H'                        gold='H' (letter)
  [PASS] 9392                               got='E'                        gold='E' (letter)
  [FAIL] 9405                               got='G'                        gold='C' (letter)
  [PASS] 9410                               got='H'                        gold='H' (letter)
  [PASS] 9414                               got='G'                        gold='G' (letter)
  [PASS] 9432                               got='G'                        gold='G' (letter)
  [PASS] 9445                               got='G'                        gold='G' (letter)
  [FAIL] 9465                               got='None'                     gold='B' (letter)
  [PASS] 9495                               got='J'                        gold='J' (letter)
  [PASS] 9655                               got='G'                        gold='G' (letter)
  [PASS] 9676                               got='G'                        gold='G' (letter)
  [PASS] 9689                               got='A'                        gold='A' (letter)
  [PASS] 9699                               got='G'                        gold='G' (letter)
  [PASS] 9729                               got='A'                        gold='A' (letter)
  [PASS] 9734                               got='B'                        gold='B' (letter)
  [PASS] 9739                               got='A'                        gold='A' (letter)
  [PASS] 9742                               got='J'                        gold='J' (letter)
  [PASS] 9766                               got='B'                        gold='B' (letter)
  [FAIL] 9774                               got='B'                        gold='D' (letter)
  [PASS] 9775                               got='I'                        gold='I' (letter)
  [PASS] 9816                               got='A'                        gold='A' (letter)
  [PASS] 9817                               got='B'                        gold='B' (letter)
  [PASS] 9825                               got='F'                        gold='F' (letter)
  [PASS] 9844                               got='B'                        gold='B' (letter)
  [PASS] 9854                               got='D'                        gold='D' (letter)
  [PASS] 9883                               got='I'                        gold='I' (letter)
  [PASS] 9940                               got='D'                        gold='D' (letter)
  [PASS] 10011                              got='I'                        gold='I' (letter)
  [PASS] 10032                              got='B'                        gold='B' (letter)
  [FAIL] 10048                              got='H'                        gold='B' (letter)
  [FAIL] 10060                              got='F'                        gold='C' (letter)
  [PASS] 10092                              got='B'                        gold='B' (letter)
  [FAIL] 10197                              got='D'                        gold='C' (letter)
  [FAIL] 10226                              got='A'                        gold='D' (letter)
  [PASS] 10290                              got='I'                        gold='I' (letter)
  [PASS] 10357                              got='A'                        gold='A' (letter)
  [PASS] 10405                              got='B'                        gold='B' (letter)
  [PASS] 10415                              got='G'                        gold='G' (letter)
  [PASS] 10436                              got='F'                        gold='F' (letter)
  [PASS] 10500                              got='C'                        gold='C' (letter)
  [PASS] 10558                              got='F'                        gold='F' (letter)
  [FAIL] 10666                              got='F'                        gold='D' (letter)
  [PASS] 10712                              got='E'                        gold='E' (letter)
  [PASS] 10771                              got='C'                        gold='C' (letter)
  [PASS] 10835                              got='F'                        gold='F' (letter)
  [FAIL] 10875                              got='H'                        gold='I' (letter)
  [PASS] 10914                              got='H'                        gold='H' (letter)
  [PASS] 10948                              got='H'                        gold='H' (letter)
  [PASS] 10952                              got='G'                        gold='G' (letter)
  [PASS] 10968                              got='C'                        gold='C' (letter)
  [PASS] 10985                              got='C'                        gold='C' (letter)
  [PASS] 11026                              got='C'                        gold='C' (letter)
  [PASS] 11042                              got='D'                        gold='D' (letter)
  [PASS] 11069                              got='D'                        gold='D' (letter)
  [PASS] 11107                              got='H'                        gold='H' (letter)
  [PASS] 11122                              got='D'                        gold='D' (letter)
  [PASS] 11142                              got='A'                        gold='A' (letter)
  [PASS] 11153                              got='E'                        gold='E' (letter)
  [FAIL] 11169                              got='C'                        gold='F' (letter)
  [PASS] 11170                              got='F'                        gold='F' (letter)
  [PASS] 11206                              got='B'                        gold='B' (letter)
  [PASS] 11223                              got='D'                        gold='D' (letter)
  [PASS] 11275                              got='C'                        gold='C' (letter)
  [PASS] 11283                              got='A'                        gold='A' (letter)
  [PASS] 11293                              got='F'                        gold='F' (letter)
  [PASS] 11295                              got='H'                        gold='H' (letter)
  [PASS] 11312                              got='F'                        gold='F' (letter)
  [PASS] 11389                              got='J'                        gold='J' (letter)
  [PASS] 11409                              got='H'                        gold='H' (letter)
  [PASS] 11445                              got='A'                        gold='A' (letter)
  [PASS] 11450                              got='A'                        gold='A' (letter)
  [PASS] 11463                              got='I'                        gold='I' (letter)
  [PASS] 11506                              got='J'                        gold='J' (letter)
  [PASS] 11509                              got='F'                        gold='F' (letter)
  [PASS] 11513                              got='E'                        gold='E' (letter)
  [PASS] 11551                              got='B'                        gold='B' (letter)
  [FAIL] 11579                              got='G'                        gold='E' (letter)
  [PASS] 11587                              got='D'                        gold='D' (letter)
  [PASS] 11661                              got='E'                        gold='E' (letter)
  [PASS] 11682                              got='I'                        gold='I' (letter)
  [PASS] 11694                              got='E'                        gold='E' (letter)
  [FAIL] 11719                              got='None'                     gold='G' (letter)
  [PASS] 11732                              got='J'                        gold='J' (letter)
  [PASS] 11736                              got='A'                        gold='A' (letter)
  [PASS] 11772                              got='H'                        gold='H' (letter)
  [PASS] 11827                              got='D'                        gold='D' (letter)
  [PASS] 11856                              got='I'                        gold='I' (letter)
  [FAIL] 11913                              got='None'                     gold='F' (letter)
  [PASS] 11919                              got='C'                        gold='C' (letter)
  [FAIL] 11959                              got='B'                        gold='D' (letter)
  [PASS] 12023                              got='D'                        gold='D' (letter)
  [PASS] 12032                              got='H'                        gold='H' (letter)
  [PASS] 12112                              got='I'                        gold='I' (letter)
  [PASS] 12243                              got='A'                        gold='A' (letter)
  => mmlu_pro: 328/400 = 82.0%
[05:13:14] .venv-qa/bin/python bench_reason.py --base-url http://spark-head.internal.littlecedar.net:4000 --model deepseek --bench math500 --thinking off --limit 200

=== math500 | deepseek | thinking=off | 200 items (0 cached) ===
  [PASS] test/precalculus/807.json          got='\\left(3, \\frac{\\pi}{2}\\r' gold='\\left( 3, \\frac{\\pi}{2} ' (math_verify)
  [PASS] test/algebra/2584.json             got='\\frac{14}{3}'            gold='\\frac{14}{3}' (math_verify)
  [PASS] test/number_theory/572.json        got='9'                        gold='9' (math_verify)
  [PASS] test/precalculus/927.json          got='90'                       gold='90^\\circ' (math_verify)
  [PASS] test/algebra/2036.json             got='3\\sqrt{13}'              gold='3\\sqrt{13}' (math_verify)
  [FAIL] test/prealgebra/1139.json          got='- \\((2\\cdot3\\cdot4)\\cdot' gold='4' (string)
  [PASS] test/geometry/248.json             got='5'                        gold='5' (math_verify)
  [PASS] test/precalculus/990.json          got='6 - 5i'                   gold='6 - 5i' (math_verify)
  [FAIL] test/precalculus/1199.json         got='So only c=0 mod 2pi'      gold='\\pi' (string)
  [PASS] test/intermediate_algebra/1000.jso got='3'                        gold='3' (math_verify)
  [PASS] test/algebra/1098.json             got='6+9i'                     gold='6+9i' (math_verify)
  [PASS] test/intermediate_algebra/607.json got='13535'                    gold='13535' (math_verify)
  [PASS] test/algebra/2193.json             got='5'                        gold='x=5' (math_verify)
  [PASS] test/algebra/2427.json             got='10'                       gold='10' (math_verify)
  [PASS] test/prealgebra/1840.json          got='78'                       gold='78' (math_verify)
  [PASS] test/number_theory/864.json        got='52_8'                     gold='52_8' (math_verify)
  [PASS] test/prealgebra/1302.json          got='11\\sqrt{2}'              gold='11\\sqrt2' (math_verify)
  [PASS] test/counting_and_probability/134. got='720'                      gold='720' (math_verify)
  [PASS] test/algebra/1072.json             got='\\frac{243}{625}'         gold='\\frac{243}{625}' (math_verify)
  [PASS] test/number_theory/627.json        got='3'                        gold='3' (math_verify)
  [PASS] test/intermediate_algebra/428.json got='3, 5, 7'                  gold='3, 5, 7' (math_verify)
  [PASS] test/geometry/967.json             got='72'                       gold='72' (math_verify)
  [PASS] test/algebra/24.json               got='2000'                     gold='2000' (math_verify)
  [PASS] test/number_theory/45.json         got='23'                       gold='23' (math_verify)
  [PASS] test/prealgebra/930.json           got='12'                       gold='12' (math_verify)
  [PASS] test/algebra/2214.json             got='4'                        gold='4' (math_verify)
  [PASS] test/prealgebra/1558.json          got='1.25'                     gold='1.25' (math_verify)
  [PASS] test/geometry/178.json             got='2'                        gold='2' (math_verify)
  [PASS] test/precalculus/285.json          got='6'                        gold='6' (math_verify)
  [PASS] test/number_theory/1055.json       got='203'                      gold='203' (math_verify)
  [PASS] test/intermediate_algebra/1217.jso got='x^5 - x^4 + x^3 - x^2 + ' gold='x^5 - x^4 + x^3 - x^2 + ' (math_verify)
  [PASS] test/prealgebra/951.json           got='12'                       gold='12' (math_verify)
  [PASS] test/algebra/187.json              got='3'                        gold='3' (math_verify)
  [PASS] test/algebra/769.json              got='11'                       gold='11' (math_verify)
  [PASS] test/algebra/722.json              got='9901'                     gold='9901' (math_verify)
  [PASS] test/prealgebra/1247.json          got='5'                        gold='5' (math_verify)
  [PASS] test/intermediate_algebra/1247.jso got='-256'                     gold='-256' (math_verify)
  [PASS] test/intermediate_algebra/279.json got='10'                       gold='10' (math_verify)
  [PASS] test/prealgebra/1233.json          got='10'                       gold='10' (math_verify)
  [PASS] test/number_theory/516.json        got='2516'                     gold='2516_8' (math_verify)
  [PASS] test/geometry/456.json             got='3'                        gold='3' (math_verify)
  [PASS] test/algebra/2253.json             got='\\frac{3\\sqrt{3}}{4}'    gold='\\frac{3\\sqrt{3}}{4}' (math_verify)
  [PASS] test/precalculus/24313.json        got='\\cot x'                  gold='\\cot x' (math_verify)
  [PASS] test/intermediate_algebra/623.json got='0'                        gold='0' (math_verify)
  [PASS] test/intermediate_algebra/47.json  got='(-2,1)'                   gold='(-2,1)' (math_verify)
  [PASS] test/prealgebra/192.json           got='2'                        gold='2' (math_verify)
  [PASS] test/intermediate_algebra/1849.jso got='501'                      gold='501' (math_verify)
  [PASS] test/intermediate_algebra/2046.jso got='2'                        gold='2' (math_verify)
  [PASS] test/algebra/893.json              got='-1'                       gold='-1' (math_verify)
  [PASS] test/geometry/353.json             got='\\sqrt{5}'                gold='\\sqrt{5}' (math_verify)
  [PASS] test/algebra/567.json              got='1'                        gold='1' (math_verify)
  [PASS] test/number_theory/357.json        got='21'                       gold='21' (math_verify)
  [PASS] test/prealgebra/1761.json          got='\\frac{3}{2}'             gold='\\frac{3}{2}' (math_verify)
  [PASS] test/algebra/873.json              got='33'                       gold='33' (math_verify)
  [PASS] test/precalculus/34.json           got='-4'                       gold='-4' (math_verify)
  [PASS] test/prealgebra/1924.json          got='2k + 2'                   gold='2k+2' (math_verify)
  [PASS] test/precalculus/1300.json         got='\\begin{pmatrix} -\\frac{1' gold='\\begin{pmatrix} -1/3 \\\\ ' (math_verify)
  [PASS] test/intermediate_algebra/431.json got='(a+5)(b+2)'               gold='(a+5)(b+2)' (math_verify)
  [FAIL] test/intermediate_algebra/558.json got='We also need to check if' gold='(3,4]' (string)
  [PASS] test/intermediate_algebra/362.json got='40'                       gold='40' (math_verify)
  [PASS] test/prealgebra/1804.json          got='29'                       gold='29' (math_verify)
  [PASS] test/precalculus/44.json           got='120'                      gold='120^\\circ' (math_verify)
  [FAIL] test/intermediate_algebra/345.json got='We need \\( 6m-5n \\) inte' gold='504' (string)
  [PASS] test/algebra/2058.json             got='13'                       gold='13' (math_verify)
  [PASS] test/intermediate_algebra/128.json got='\\text{even}'             gold='\\text{even}' (math_verify)
  [PASS] test/prealgebra/505.json           got='6'                        gold='6' (math_verify)
  [PASS] test/number_theory/847.json        got='4210_5'                   gold='4210_{5}' (math_verify)
  [PASS] test/number_theory/753.json        got='13'                       gold='13' (math_verify)
  [PASS] test/algebra/246.json              got='8'                        gold='8' (math_verify)
  [PASS] test/intermediate_algebra/2022.jso got='64'                       gold='64' (math_verify)
  [PASS] test/number_theory/1257.json       got='204_5'                    gold='204_5' (math_verify)
  [PASS] test/counting_and_probability/430. got='\\frac{1}{3}'             gold='\\frac{1}{3}' (math_verify)
  [PASS] test/intermediate_algebra/1151.jso got='1'                        gold='1' (math_verify)
  [PASS] test/number_theory/156.json        got='13'                       gold='13' (math_verify)
  [PASS] test/number_theory/612.json        got='2'                        gold='2' (math_verify)
  [PASS] test/algebra/1519.json             got='\\frac{\\sqrt{3}}{3}'     gold='\\frac{\\sqrt{3}}{3}' (math_verify)
  [PASS] test/precalculus/986.json          got='144'                      gold='144' (math_verify)
  [PASS] test/counting_and_probability/230. got='\\frac{2}{21}'            gold='\\frac{2}{21}' (math_verify)
  [PASS] test/geometry/880.json             got='2\\sqrt{106}'             gold='2\\sqrt{113}' (math_verify)
  [PASS] test/precalculus/117.json          got='30'                       gold='30^\\circ' (math_verify)
  [PASS] test/prealgebra/1655.json          got='\\frac{17}{50}'           gold='\\dfrac{17}{50}' (math_verify)
  [PASS] test/prealgebra/1356.json          got='\\frac{4}{9}'             gold='\\frac{4}{9}' (math_verify)
  [FAIL] test/prealgebra/1003.json          got='\\frac{990}{7}'           gold='\\frac{270}7\\text{ degree' (string)
  [PASS] test/algebra/297.json              got='1736'                     gold='1736' (math_verify)
  [PASS] test/algebra/351.json              got='2'                        gold='2' (math_verify)
  [PASS] test/number_theory/598.json        got='0.0000672'                gold='.0000672' (math_verify)
  [PASS] test/geometry/65.json              got='30'                       gold='30^\\circ' (math_verify)
  [PASS] test/prealgebra/1113.json          got='60'                       gold='60' (math_verify)
  [PASS] test/prealgebra/1908.json          got='3'                        gold='3' (math_verify)
  [PASS] test/algebra/1275.json             got='\\frac{\\sqrt{3}}{3}'     gold='\\frac{\\sqrt{3}}{3}' (math_verify)
  [PASS] test/intermediate_algebra/183.json got='(2,\\infty)'              gold='(2,\\infty)' (math_verify)
  [PASS] test/geometry/221.json             got='30'                       gold='30' (math_verify)
  [PASS] test/intermediate_algebra/1422.jso got='4'                        gold='4' (math_verify)
  [PASS] test/number_theory/838.json        got='6'                        gold='6' (math_verify)
  [PASS] test/algebra/291.json              got='\\frac{2}{3}'             gold='\\frac{2}{3}' (math_verify)
  [PASS] test/intermediate_algebra/1555.jso got='12'                       gold='12' (math_verify)
  [PASS] test/intermediate_algebra/102.json got='2'                        gold='2' (math_verify)
  [PASS] test/algebra/907.json              got='2'                        gold='2' (math_verify)
  [PASS] test/algebra/864.json              got='(-1,6)'                   gold='(-1,6)' (math_verify)
  [PASS] test/number_theory/183.json        got='14'                       gold='14' (math_verify)
  [PASS] test/precalculus/190.json          got='\\frac{9}{256}'           gold='\\frac{9}{256}' (math_verify)
  [PASS] test/algebra/2159.json             got='11'                       gold='11' (math_verify)
  [PASS] test/precalculus/1056.json         got='288\\pi'                  gold='288 \\pi' (math_verify)
  [PASS] test/intermediate_algebra/1354.jso got='\\frac{1997}{2}'          gold='\\frac{1997}{2}' (math_verify)
  [PASS] test/prealgebra/153.json           got='\\frac{5}{9}'             gold='\\frac 59' (math_verify)
  [PASS] test/intermediate_algebra/337.json got='22'                       gold='22' (math_verify)
  [PASS] test/algebra/975.json              got='-4'                       gold='-4' (math_verify)
  [PASS] test/geometry/229.json             got='16'                       gold='16' (math_verify)
  [PASS] test/algebra/1143.json             got='17'                       gold='17' (math_verify)
  [PASS] test/algebra/2626.json             got='32348'                    gold='\\$32,\\!348' (math_verify)
  [PASS] test/geometry/254.json             got='3'                        gold='3' (math_verify)
  [PASS] test/algebra/1787.json             got='8'                        gold='8' (math_verify)
  [PASS] test/intermediate_algebra/1123.jso got='\\frac{10}{11}'           gold='\\frac{10}{11}' (math_verify)
  [PASS] test/precalculus/920.json          got='\\begin{pmatrix} -1 & 0 \\' gold='\\begin{pmatrix} -1 & 0 \\' (math_verify)
  [PASS] test/number_theory/1065.json       got='17'                       gold='17' (math_verify)
  [PASS] test/prealgebra/1458.json          got='\\frac{1}{8}'             gold='\\frac{1}{8}' (math_verify)
  [PASS] test/counting_and_probability/1009 got='28'                       gold='28' (math_verify)
  [PASS] test/precalculus/452.json          got='E'                        gold='\\text{(E)}' (math_verify)
  [PASS] test/prealgebra/1995.json          got='\\frac{8}{21}'            gold='\\frac{8}{21}' (math_verify)
  [PASS] test/geometry/473.json             got='864'                      gold='864 \\mbox{ inches}^2' (math_verify)
  [PASS] test/intermediate_algebra/149.json got='22'                       gold='22' (math_verify)
  [PASS] test/precalculus/580.json          got='120'                      gold='120^\\circ' (math_verify)
  [PASS] test/geometry/483.json             got='15'                       gold='15' (math_verify)
  [PASS] test/algebra/524.json              got='4005'                     gold='4005' (math_verify)
  [PASS] test/number_theory/634.json        got='333'                      gold='333' (math_verify)
  [PASS] test/prealgebra/993.json           got='1250'                     gold='1250' (math_verify)
  [PASS] test/prealgebra/1834.json          got='\\sqrt{53}'               gold='\\sqrt{53}' (math_verify)
  [PASS] test/prealgebra/1512.json          got='7\\pi'                    gold='7\\pi' (math_verify)
  [PASS] test/prealgebra/260.json           got='36'                       gold='36^\\circ' (math_verify)
  [FAIL] test/precalculus/768.json          got='3+2\\sqrt{2},\\ 3-2\\sqrt{2' gold='3 \\pm 2 \\sqrt{2}' (string)
  [PASS] test/intermediate_algebra/1411.jso got='440'                      gold='440' (math_verify)
  [PASS] test/precalculus/1172.json         got='7'                        gold='7' (math_verify)
  [PASS] test/intermediate_algebra/754.json got='B'                        gold='\\text{(B)}' (math_verify)
  [PASS] test/number_theory/1172.json       got='103'                      gold='103' (math_verify)
  [PASS] test/precalculus/881.json          got='\\begin{pmatrix} -18 \\\\ -' gold='\\begin{pmatrix} -18 \\\\ -' (math_verify)
  [PASS] test/geometry/1097.json            got='63'                       gold='63' (math_verify)
  [PASS] test/counting_and_probability/339. got='12'                       gold='12' (math_verify)
  [PASS] test/intermediate_algebra/446.json got='9'                        gold='9' (math_verify)
  [PASS] test/precalculus/695.json          got='(-\\infty, 0]'            gold='(-\\infty, 0]' (math_verify)
  [PASS] test/algebra/791.json              got='41'                       gold='41' (math_verify)
  [PASS] test/algebra/425.json              got='-128'                     gold='-128' (math_verify)
  [PASS] test/algebra/2176.json             got='3'                        gold='3' (math_verify)
  [PASS] test/counting_and_probability/216. got='1940'                     gold='1940' (math_verify)
  [PASS] test/algebra/509.json              got='\\frac{13}{6}'            gold='\\frac{13}{6}' (math_verify)
  [PASS] test/number_theory/483.json        got='3'                        gold='3' (math_verify)
  [PASS] test/algebra/2592.json             got='26000'                    gold='26000' (math_verify)
  [PASS] test/prealgebra/1730.json          got='6'                        gold='6' (math_verify)
  [PASS] test/intermediate_algebra/1566.jso got='2k'                       gold='2k' (math_verify)
  [PASS] test/precalculus/801.json          got='55^\\circ'                gold='55^\\circ' (math_verify)
  [PASS] test/algebra/858.json              got='-2'                       gold='-2' (math_verify)
  [PASS] test/counting_and_probability/737. got='58500'                    gold='58,500' (math_verify)
  [PASS] test/algebra/1529.json             got='1'                        gold='1' (math_verify)
  [PASS] test/algebra/1547.json             got='6r^2 - 4r - 24'           gold='6r^2-4r-24' (math_verify)
  [PASS] test/algebra/529.json              got='81'                       gold='81' (math_verify)
  [PASS] test/intermediate_algebra/860.json got='\\text{ellipse}'          gold='\\text{ellipse}' (math_verify)
  [PASS] test/algebra/251.json              got='2'                        gold='2' (math_verify)
  [PASS] test/number_theory/820.json        got='8'                        gold='8' (math_verify)
  [PASS] test/number_theory/427.json        got='25'                       gold='25' (math_verify)
  [PASS] test/intermediate_algebra/1992.jso got='(0, 9) \\cup (9, 36)'     gold='(0,9) \\cup (9,36)' (math_verify)
  [PASS] test/intermediate_algebra/1111.jso got='\\frac{20000}{\\pi}'      gold='\\frac{20000}{\\pi}' (math_verify)
  [PASS] test/precalculus/902.json          got='\\sqrt{66}'               gold='\\sqrt{66}' (math_verify)
  [PASS] test/intermediate_algebra/1791.jso got='-\\frac{3}{8}'            gold='-\\frac{3}{8}' (math_verify)
  [PASS] test/prealgebra/631.json           got='2'                        gold='2' (math_verify)
  [PASS] test/prealgebra/1991.json          got='Navin'                    gold='\\text{Navin}' (math_verify)
  [FAIL] test/geometry/817.json             got='So smaller semicircle in' gold='\\frac{14}{3}' (string)
  [PASS] test/precalculus/1291.json         got='1 - 12i'                  gold='1 - 12i' (math_verify)
  [PASS] test/number_theory/928.json        got='3'                        gold='3' (math_verify)
  [PASS] test/prealgebra/1572.json          got='60'                       gold='60' (math_verify)
  [PASS] test/precalculus/398.json          got='\\begin{pmatrix} \\frac{1}' gold='\\begin{pmatrix} 1/5 \\\\ -' (math_verify)
  [PASS] test/prealgebra/65.json            got='6'                        gold='6' (math_verify)
  [PASS] test/algebra/2680.json             got='5r^5'                     gold='5r^5' (math_verify)
  [FAIL] test/intermediate_algebra/2015.jso got='We can find \\(\\sum 1/\\al' gold='\\{1\\pm\\sqrt{5},-2\\}' (string)
  [PASS] test/algebra/1339.json             got='600'                      gold='600' (math_verify)
  [PASS] test/algebra/2743.json             got='29'                       gold='29' (math_verify)
  [PASS] test/intermediate_algebra/121.json got='64'                       gold='64' (math_verify)
  [PASS] test/prealgebra/2019.json          got='4.5'                      gold='4.5' (math_verify)
  [PASS] test/intermediate_algebra/1462.jso got='331'                      gold='331' (math_verify)
  [PASS] test/prealgebra/1640.json          got='32'                       gold='32' (math_verify)
  [PASS] test/algebra/2043.json             got='(-\\infty, 2) \\cup (3, \\i' gold='(-\\infty, 2) \\cup (3, \\i' (math_verify)
  [PASS] test/prealgebra/2037.json          got='550'                      gold='550' (math_verify)
  [PASS] test/algebra/668.json              got='45'                       gold='45' (math_verify)
  [PASS] test/algebra/2789.json             got='47'                       gold='47' (math_verify)
  [PASS] test/number_theory/13.json         got='64'                       gold='64' (math_verify)
  [PASS] test/number_theory/459.json        got='\\frac{639}{40}'          gold='\\frac{639}{40}' (math_verify)
  [PASS] test/counting_and_probability/190. got='6'                        gold='6' (math_verify)
  [PASS] test/algebra/2780.json             got='18.90'                    gold='\\$18.90' (math_verify)
  [PASS] test/prealgebra/914.json           got='75'                       gold='75^\\circ' (math_verify)
  [PASS] test/precalculus/703.json          got='8\\pi'                    gold='8 \\pi' (math_verify)
  [PASS] test/prealgebra/846.json           got='84'                       gold='84' (math_verify)
  [PASS] test/prealgebra/1252.json          got='200'                      gold='200' (math_verify)
  [PASS] test/intermediate_algebra/1279.jso got='\\frac{2}{1005}'          gold='\\frac{2}{1005}' (math_verify)
  [PASS] test/precalculus/1252.json         got='1'                        gold='1' (math_verify)
  [FAIL] test/number_theory/1090.json       got='1009'                     gold='202' (number)
  [PASS] test/number_theory/239.json        got='2'                        gold='2' (math_verify)
  [PASS] test/intermediate_algebra/1365.jso got='15'                       gold='15' (math_verify)
  [PASS] test/prealgebra/1128.json          got='64'                       gold='64' (math_verify)
  [PASS] test/precalculus/356.json          got='y = -2x'                  gold='y = -2x' (math_verify)
  [PASS] test/intermediate_algebra/1930.jso got='\\frac14'                 gold='\\frac{1}{4}' (math_verify)
  [PASS] test/geometry/561.json             got='\\frac{7}{2}'             gold='\\frac{7}{2}' (math_verify)
  [PASS] test/geometry/615.json             got='106'                      gold='106^\\circ' (math_verify)
  => math500: 191/200 = 95.5%
[05:41:40] .venv-qa/bin/python bench_reason.py --base-url http://spark-head.internal.littlecedar.net:4000 --model deepseek --bench aime --thinking off

=== aime | deepseek | thinking=off | 90 items (0 cached) ===
  [PASS] 0                                  got='116'                      gold='116' (int)
  [PASS] 1                                  got='756'                      gold='756' (int)
  [FAIL] 2                                  got='0'                        gold='150' (int)
  [PASS] 3                                  got='245'                      gold='245' (int)
  [FAIL] 4                                  got='101'                      gold='392' (int)
  [FAIL] 5                                  got='2'                        gold='459' (int)
  [PASS] 6                                  got='33'                       gold='033' (int)
  [PASS] 7                                  got='227'                      gold='227' (int)
  [PASS] 8                                  got='242'                      gold='242' (int)
  [FAIL] 9                                  got='900'                      gold='834' (int)
  [PASS] 10                                 got='550'                      gold='550' (int)
  [FAIL] 11                                 got='40'                       gold='228' (int)
  [FAIL] 12                                 got='24'                       gold='289' (int)
  [FAIL] 13                                 got='13'                       gold='378' (int)
  [PASS] 14                                 got='247'                      gold='247' (int)
  [PASS] 15                                 got='154'                      gold='154' (int)
  [PASS] 16                                 got='4'                        gold='004' (int)
  [FAIL] 17                                 got='3'                        gold='180' (int)
  [FAIL] 18                                 got='377'                      gold='023' (int)
  [FAIL] 19                                 got='105'                      gold='220' (int)
  [FAIL] 20                                 got='1'                        gold='188' (int)
  [FAIL] 21                                 got='5'                        gold='140' (int)
  [PASS] 22                                 got='125'                      gold='125' (int)
  [PASS] 23                                 got='21'                       gold='021' (int)
  [PASS] 24                                 got='112'                      gold='112' (int)
  [PASS] 25                                 got='72'                       gold='072' (int)
  [FAIL] 26                                 got='1'                        gold='841' (int)
  [PASS] 27                                 got='192'                      gold='192' (int)
  [FAIL] 28                                 got='5'                        gold='080' (int)
  [FAIL] 29                                 got='2'                        gold='244' (int)
  [FAIL] 30                                 got='815'                      gold='191' (int)
  [FAIL] 31                                 got='2761766'                  gold='944' (int)
  [PASS] 32                                 got='235'                      gold='235' (int)
  [FAIL] 33                                 got='4'                        gold='075' (int)
  [PASS] 34                                 got='125'                      gold='125' (int)
  [FAIL] 35                                 got='84'                       gold='608' (int)
  [FAIL] 36                                 got='7'                        gold='349' (int)
  [PASS] 37                                 got='881'                      gold='881' (int)
  [PASS] 38                                 got='607'                      gold='607' (int)
  [PASS] 39                                 got='12'                       gold='012' (int)
  [PASS] 40                                 got='106'                      gold='106' (int)
  [PASS] 41                                 got='51'                       gold='051' (int)
  [PASS] 42                                 got='49'                       gold='049' (int)
  [PASS] 43                                 got='125'                      gold='125' (int)
  [FAIL] 44                                 got='6'                        gold='738' (int)
  [PASS] 45                                 got='220'                      gold='220' (int)
  [FAIL] 46                                 got='12'                       gold='144' (int)
  [FAIL] 47                                 got='3'                        gold='081' (int)
  [FAIL] 48                                 got='74'                       gold='247' (int)
  [FAIL] 49                                 got='5'                        gold='167' (int)
  [FAIL] 50                                 got='9'                        gold='751' (int)
  [FAIL] 51                                 got='1'                        gold='363' (int)
  [PASS] 52                                 got='585'                      gold='585' (int)
  [PASS] 53                                 got='250'                      gold='250' (int)
  [PASS] 54                                 got='273'                      gold='273' (int)
  [PASS] 55                                 got='719'                      gold='719' (int)
  [PASS] 56                                 got='35'                       gold='35' (int)
  [PASS] 57                                 got='928'                      gold='928' (int)
  [PASS] 58                                 got='24'                       gold='024' (int)
  [FAIL] 59                                 got='25'                       gold='033' (int)
  [PASS] 60                                 got='204'                      gold='204' (int)
  [FAIL] 61                                 got='08'                       gold='113' (int)
  [FAIL] 62                                 got='023'                      gold='371' (int)
  [FAIL] 63                                 got='5'                        gold='385' (int)
  [PASS] 64                                 got='110'                      gold='110' (int)
  [PASS] 65                                 got='104'                      gold='104' (int)
  [FAIL] 66                                 got='637'                      gold='721' (int)
  [PASS] 67                                 got='25'                       gold='025' (int)
  [PASS] 68                                 got='809'                      gold='809' (int)
  [PASS] 69                                 got='116'                      gold='116' (int)
  [FAIL] 70                                 got='7'                        gold='104' (int)
  [PASS] 71                                 got='294'                      gold='294' (int)
  [PASS] 72                                 got='540'                      gold='540' (int)
  [FAIL] 73                                 got='1'                        gold='197' (int)
  [PASS] 74                                 got='480'                      gold='480' (int)
  [PASS] 75                                 got='73'                       gold='073' (int)
  [PASS] 76                                 got='468'                      gold='468' (int)
  [FAIL] 77                                 got='1201'                     gold='601' (int)
  [FAIL] 78                                 got='2'                        gold='023' (int)
  [PASS] 79                                 got='321'                      gold='321' (int)
  [PASS] 80                                 got='211'                      gold='211' (int)
  [FAIL] 81                                 got='11'                       gold='315' (int)
  [PASS] 82                                 got='236'                      gold='236' (int)
  [PASS] 83                                 got='45'                       gold='045' (int)
  [PASS] 84                                 got='33'                       gold='033' (int)
  [FAIL] 85                                 got='200'                      gold='080' (int)
  [PASS] 86                                 got='55'                       gold='055' (int)
  [PASS] 87                                 got='699'                      gold='699' (int)
  [FAIL] 88                                 got='0'                        gold='127' (int)
  [PASS] 89                                 got='902'                      gold='902' (int)
  => aime: 51/90 = 56.7%
[06:28:42] python3 bench_code.py --base-url http://spark-head.internal.littlecedar.net:4000 --model deepseek --bench both --thinking off --seed 1234
[skip] /home/siv/src/sparkrun-recipe-registry/recipes/ds4/benchmarks/data_code/humaneval_test.jsonl exists
[skip] /home/siv/src/sparkrun-recipe-registry/recipes/ds4/benchmarks/data_code/mbpp_sanitized_test.jsonl exists

=== humaneval | model=deepseek | thinking=off | 164 items (164 cached) ===
    resuming, 164 already recorded
  => humaneval: 159/164 = 97.0%   wrote /home/siv/src/sparkrun-recipe-registry/recipes/ds4/benchmarks/results/deepseek.humaneval.off.json

=== mbpp | model=deepseek | thinking=off | 257 items (257 cached) ===
    resuming, 257 already recorded
  => mbpp: 200/257 = 77.8%   wrote /home/siv/src/sparkrun-recipe-registry/recipes/ds4/benchmarks/results/deepseek.mbpp.off.json
[06:28:42] .venv-qa/bin/python bench_reason.py --base-url http://spark-head.internal.littlecedar.net:4000 --model deepseek --bench gpqa --thinking on --limit 100

=== gpqa | deepseek | thinking=on | 100 items (0 cached) ===
  [FAIL] trans-cinnamaldehyde was treated w got='None'                     gold='\\boxed{D}' (letter)
  [PASS] In a parallel universe where a mag got='B'                        gold='\\boxed{B}' (letter)
  [PASS] Calculate the eigenvector of a qua got='C'                        gold='\\boxed{C}' (letter)
  [PASS] A quantum mechanical particle of m got='B'                        gold='\\boxed{B}' (letter)
  [PASS] The universe is filled with the Co got='D'                        gold='\\boxed{D}' (letter)
  [FAIL] You perform a high-throughput expe got='None'                     gold='\\boxed{B}' (letter)
  [FAIL] which of the following molecules h got='None'                     gold='\\boxed{B}' (letter)
  [PASS] Find KE of product particles in,
P got='C'                        gold='\\boxed{C}' (letter)
  [FAIL] ChIP-seq on a PFA-fixed sample wit got='None'                     gold='\\boxed{D}' (letter)
  [PASS] What is the concentration of calci got='D'                        gold='\\boxed{D}' (letter)
  [FAIL] Two stars (Star_1 and Star_2) each got='A'                        gold='\\boxed{D}' (letter)
  [FAIL] The Michael reaction is a chemical got='None'                     gold='\\boxed{D}' (letter)
  [PASS] A common approximation made in man got='D'                        gold='\\boxed{D}' (letter)
  [FAIL] A student regrets that he fell asl got='None'                     gold='\\boxed{C}' (letter)
  [FAIL] In an experiment, a researcher rea got='None'                     gold='\\boxed{D}' (letter)
  [FAIL] If an equimolar mixture X of two l got='None'                     gold='\\boxed{C}' (letter)
  [FAIL] Dienes are organic compounds with  got='None'                     gold='\\boxed{A}' (letter)
  [FAIL] You have an interesting drought-re got='None'                     gold='\\boxed{D}' (letter)
  [FAIL] A textile dye containing an extens got='None'                     gold='\\boxed{D}' (letter)
  [PASS] Consider the Y-component of the in got='C'                        gold='\\boxed{C}' (letter)
  [PASS] Observations of structures located got='A'                        gold='\\boxed{A}' (letter)
  [FAIL] Identify the number of 13C-NMR sig got='None'                     gold='\\boxed{C}' (letter)
  [PASS] We have a large ensemble of 10.000 got='D'                        gold='\\boxed{D}' (letter)
  [PASS] Astronomers are studying a system  got='B'                        gold='\\boxed{B}' (letter)
  [FAIL] A benzene ring has a carboxylic ac got='None'                     gold='\\boxed{D}' (letter)
  [PASS] A eukaryotic cell evolved a mechan got='A'                        gold='\\boxed{A}' (letter)
  [PASS] Four identical spin-1/2 particles  got='B'                        gold='\\boxed{B}' (letter)
  [FAIL] Identify the compound C9H11NO2 usi got='None'                     gold='\\boxed{A}' (letter)
  [PASS] Your colleague has devised a new q got='D'                        gold='\\boxed{D}' (letter)
  [FAIL] Astronomers are studying a star wi got='None'                     gold='\\boxed{B}' (letter)
  [FAIL] Determine the starting material ne got='None'                     gold='\\boxed{B}' (letter)
  [FAIL] The |3,0,0\rangle state in the sta got='None'                     gold='\\boxed{D}' (letter)
  [FAIL] An intelligent civilization in the got='None'                     gold='\\boxed{C}' (letter)
  [PASS] benzene is treated with HNO3 and H got='D'                        gold='\\boxed{D}' (letter)
  [FAIL] An equimolar mixture of salts A an got='None'                     gold='\\boxed{C}' (letter)
  [FAIL] In the CERN Bubble Chamber a decay got='None'                     gold='\\boxed{C}' (letter)
  [FAIL] reaction of solid A with 8 equival got='None'                     gold='\\boxed{B}' (letter)
  [PASS] Two astronauts of masses 2m and 3m got='C'                        gold='\\boxed{C}' (letter)
  [FAIL] You want to study the role of the  got='None'                     gold='\\boxed{B}' (letter)
  [FAIL] The Cope rearrangement is a chemic got='None'                     gold='\\boxed{D}' (letter)
  [PASS] Imagine a point charge q is moving got='D'                        gold='\\boxed{D}' (letter)
  [FAIL] In an experiment, compound X (C11H got='None'                     gold='\\boxed{D}' (letter)
  [FAIL] Two planets have been detected orb got='None'                     gold='\\boxed{C}' (letter)
  [FAIL] A chemist performed two reactions  got='None'                     gold='\\boxed{B}' (letter)
  [FAIL] 1,3-dibromoadamantane is heated to got='None'                     gold='\\boxed{D}' (letter)
  [FAIL] cyclohexanone is treated with LDA  got='None'                     gold='\\boxed{D}' (letter)
  [PASS] In gametogenesis, the germline und got='D'                        gold='\\boxed{D}' (letter)
  [FAIL] Identify the starting material, A, got='None'                     gold='\\boxed{A}' (letter)
  [FAIL] Compound A (C3H6) undergoes bromin got='None'                     gold='\\boxed{B}' (letter)
  [PASS] A student performed an acid-cataly got='C'                        gold='\\boxed{C}' (letter)
  [FAIL] Which sequence of reactions from t got='None'                     gold='\\boxed{A}' (letter)
  [PASS] Astronomers are searching for exop got='C'                        gold='\\boxed{C}' (letter)
  [FAIL] Imagine a situation where a novel  got='B'                        gold='\\boxed{D}' (letter)
  [FAIL] Consider a bound system of two nuc got='None'                     gold='\\boxed{D}' (letter)
  [PASS] Let |alpha> be the state describin got='C'                        gold='\\boxed{C}' (letter)
  [PASS] You have prepared an unknown compo got='A'                        gold='\\boxed{A}' (letter)
  [FAIL] Compounds that have the same molec got='None'                     gold='\\boxed{C}' (letter)
  [FAIL] Identify product D in the followin got='None'                     gold='\\boxed{C}' (letter)
  [PASS] Let us assume stars are uniformly  got='C'                        gold='\\boxed{C}' (letter)
  [FAIL] acetic acid is treated with bromin got='None'                     gold='\\boxed{B}' (letter)
  [PASS] Particles are collided at the cent got='D'                        gold='\\boxed{D}' (letter)
  [PASS] Consider a quantum mechanical syst got='A'                        gold='\\boxed{A}' (letter)
  [FAIL] Which of the following molecules i got='None'                     gold='\\boxed{D}' (letter)
  [FAIL] Congratulations, you just landed y got='None'                     gold='\\boxed{A}' (letter)
  [FAIL] Identify compound E in the followi got='None'                     gold='\\boxed{A}' (letter)
  [FAIL] A dicarboxylic acid containing a c got='None'                     gold='\\boxed{D}' (letter)
  [FAIL] The 1H NMR spectrum of a solution  got='None'                     gold='\\boxed{D}' (letter)
  [FAIL] Calculate the enthalpy of neutrali got='None'                     gold='\\boxed{B}' (letter)
  [PASS] A vector field f(r) falls off radi got='B'                        gold='\\boxed{B}' (letter)
  [FAIL] Two compounds A and B are treated  got='None'                     gold='\\boxed{B}' (letter)
  [FAIL] The Pinacol-Pinacolone rearrangeme got='None'                     gold='\\boxed{A}' (letter)
  [PASS] X is a meson resonance. What is th got='D'                        gold='\\boxed{D}' (letter)
  [PASS] You are analyzing a small peptidic got='D'                        gold='\\boxed{D}' (letter)
  [FAIL] A compound with the molecular form got='None'                     gold='\\boxed{A}' (letter)
  [PASS] The state of a system at time t is got='C'                        gold='\\boxed{C}' (letter)
  [FAIL] α-β unsaturated carbonyls have a m got='None'                     gold='\\boxed{A}' (letter)
  [PASS] In the lab, a chemist discovers an got='C'                        gold='\\boxed{C}' (letter)
  [FAIL] In an inactive state, a transcript got='None'                     gold='\\boxed{C}' (letter)
  [FAIL] Observations of a quasar across th got='None'                     gold='\\boxed{B}' (letter)
  [PASS] Consider an aperture, which shapes got='A'                        gold='\\boxed{A}' (letter)
  [PASS] Astronomers are studying two binar got='C'                        gold='\\boxed{C}' (letter)
  [FAIL] Consider the extension of the Stan got='None'                     gold='\\boxed{B}' (letter)
  [FAIL] Which of the following issues are  got='D'                        gold='\\boxed{B}' (letter)
  [FAIL] You are studying a nuclear decay w got='None'                     gold='\\boxed{C}' (letter)
  [PASS] An electron is in the spin state ( got='A'                        gold='\\boxed{A}' (letter)
  [PASS] Two stars are being studied. It ha got='B'                        gold='\\boxed{B}' (letter)
  [FAIL] Astronomers are interested in the  got='None'                     gold='\\boxed{B}' (letter)
  [PASS] Given the following Lagrangian

\m got='B'                        gold='\\boxed{B}' (letter)
  [FAIL] Consider an isolated system of 13  got='None'                     gold='\\boxed{D}' (letter)
  [FAIL] What is the index of hydrogen defi got='None'                     gold='\\boxed{C}' (letter)
  [FAIL] Identify the possible product when got='None'                     gold='\\boxed{C}' (letter)
  [FAIL] How many of the stars listed below got='None'                     gold='\\boxed{A}' (letter)
  [PASS] Consider a rhombohedral crystal, w got='A'                        gold='\\boxed{A}' (letter)
  [FAIL] 3-(hydroxymethyl)-5-(prop-1-en-2-y got='None'                     gold='\\boxed{C}' (letter)
  [PASS] Consider a system of three spins S got='C'                        gold='\\boxed{C}' (letter)
  [FAIL] Astronomers are observing a planet got='None'                     gold='\\boxed{B}' (letter)
  [PASS]  Consider a 1-dimensional relativi got='B'                        gold='\\boxed{B}' (letter)
  [FAIL] Compound X, which has the followin got='None'                     gold='\\boxed{C}' (letter)
  [PASS] We have a solution containing Co(I got='B'                        gold='\\boxed{B}' (letter)
  => gpqa: 39/100 = 39.0%
[07:14:37] .venv-qa/bin/python bench_reason.py --base-url http://spark-head.internal.littlecedar.net:4000 --model deepseek --bench math500 --thinking on --limit 40

=== math500 | deepseek | thinking=on | 40 items (0 cached) ===
  [PASS] test/number_theory/572.json        got='9'                        gold='9' (math_verify)
  [PASS] test/precalculus/927.json          got='90^\\circ'                gold='90^\\circ' (math_verify)
  [PASS] test/algebra/2036.json             got='3\\sqrt{13}'              gold='3\\sqrt{13}' (math_verify)
  [PASS] test/precalculus/990.json          got='6-5i'                     gold='6 - 5i' (math_verify)
  [PASS] test/precalculus/1199.json         got='\\pi'                     gold='\\pi' (math_verify)
  [PASS] test/algebra/1072.json             got='\\frac{243}{625}'         gold='\\frac{243}{625}' (math_verify)
  [PASS] test/algebra/2214.json             got='4'                        gold='4' (math_verify)
  [PASS] test/precalculus/285.json          got='6'                        gold='6' (math_verify)
  [PASS] test/number_theory/1055.json       got='203'                      gold='203' (math_verify)
  [PASS] test/algebra/722.json              got='9901'                     gold='9901' (math_verify)
  [PASS] test/prealgebra/1247.json          got='5'                        gold='5' (math_verify)
  [PASS] test/intermediate_algebra/623.json got='0'                        gold='0' (math_verify)
  [PASS] test/algebra/873.json              got='33'                       gold='33' (math_verify)
  [PASS] test/prealgebra/505.json           got='6'                        gold='6' (math_verify)
  [PASS] test/number_theory/847.json        got='4210_5'                   gold='4210_{5}' (math_verify)
  [PASS] test/geometry/65.json              got='30'                       gold='30^\\circ' (math_verify)
  [PASS] test/algebra/1275.json             got='\\frac{\\sqrt{3}}{3}'     gold='\\frac{\\sqrt{3}}{3}' (math_verify)
  [PASS] test/algebra/2159.json             got='11'                       gold='11' (math_verify)
  [PASS] test/intermediate_algebra/337.json got='22'                       gold='22' (math_verify)
  [PASS] test/intermediate_algebra/1123.jso got='\\frac{10}{11}'           gold='\\frac{10}{11}' (math_verify)
  [PASS] test/number_theory/1065.json       got='17'                       gold='17' (math_verify)
  [PASS] test/geometry/473.json             got='864'                      gold='864 \\mbox{ inches}^2' (math_verify)
  [FAIL] test/precalculus/881.json          got=''                         gold='\\begin{pmatrix} -18 \\\\ -' (string)
  [PASS] test/algebra/791.json              got='41'                       gold='41' (math_verify)
  [PASS] test/algebra/425.json              got='-128'                     gold='-128' (math_verify)
  [PASS] test/algebra/509.json              got='\\frac{13}{6}'            gold='\\frac{13}{6}' (math_verify)
  [PASS] test/algebra/858.json              got='-2'                       gold='-2' (math_verify)
  [PASS] test/counting_and_probability/737. got='58{,}500'                 gold='58,500' (math_verify)
  [PASS] test/algebra/529.json              got='81'                       gold='81' (math_verify)
  [PASS] test/number_theory/820.json        got='8'                        gold='8' (math_verify)
  [PASS] test/precalculus/902.json          got='\\sqrt{66}'               gold='\\sqrt{66}' (math_verify)
  [PASS] test/prealgebra/1991.json          got='\\text{Navin}'            gold='\\text{Navin}' (math_verify)
  [PASS] test/number_theory/928.json        got='3'                        gold='3' (math_verify)
  [PASS] test/algebra/2680.json             got='5r^5'                     gold='5r^5' (math_verify)
  [PASS] test/intermediate_algebra/1462.jso got='331'                      gold='331' (math_verify)
  [PASS] test/number_theory/13.json         got='64'                       gold='64' (math_verify)
  [PASS] test/precalculus/703.json          got='8\\pi'                    gold='8 \\pi' (math_verify)
  [PASS] test/precalculus/1252.json         got='1'                        gold='1' (math_verify)
  [PASS] test/number_theory/1090.json       got='202'                      gold='202' (math_verify)
  [PASS] test/intermediate_algebra/1930.jso got='\\frac14'                 gold='\\frac{1}{4}' (math_verify)
  => math500: 39/40 = 97.5%
[07:20:44] DONE model=deepseek
